time	地 区	发病数	死亡数	发病率	死亡率
Mar-08	安徽省	17	0	0.0278	
Mar-06	新疆	17	0	0.0846	
May-04	贵州省	35	0	0.0916	
Nov-14	河南省	3	0	0.0032	
Sep-13	广东省	3	0	0.0028	
Jul-12	山东省	27	0	0.028	
Dec-15	湖北省	3	0	0.0052	
Feb-13	全国	134	0	0.0099	
Aug-08	山东省	15	0	0.016	
Nov-07	黑龙江省	1	0	0.0026	
Jun-06	陕西省	12	0	0.0323	
Feb-14	广东省	11	0	0.0103	
Aug-14	河南省	13	0	0.0138	
Jul-06	全国	375	0	0.0287	
Nov-04	山东省	7	0	0.0076	
Dec-05	云南省	4	0	0.0091	
Dec-10	浙江省	1	0	0.0019	
Nov-15	重庆市	14	0	0.0468	
Jan-07	福建省	4	0	0.0112	
Aug-05	江西省	20	0	0.0468	
Nov-14	天津市	41	0	0.2785	
Jun-06	天津市	6	0	0.0575	
Feb-08	河南省	4	0	0.0043	
Sep-13	云南省	4	0	0.0086	
Sep-06	河南省	6	0	0.0064	
Nov-04	贵州省	11	0	0.0288	
Feb-10	云南省	2	0	0.0044	
Jul-13	安徽省	5	0	0.0084	
Jan-10	山东省	10	0	0.0106	
Feb-14	贵州省	1	0	0.0029	
Jun-06	新疆	13	0	0.0647	
Oct-06	福建省	2	0	0.0057	
Oct-06	广西	2	0	0.0043	
Mar-05	吉林省	6	0	0.0221	
May-09	新疆	16	0	0.0751	
Oct-07	山东省	4	0	0.0043	
Nov-15	新疆	121	0	0.5264	
Apr-06	福建省	6	0	0.017	
Apr-06	天津市	3	0	0.0288	
Nov-14	新疆	27	0	0.1192	
Dec-10	河北省	14	0	0.0199	
Aug-12	四川省	29	0	0.036	
May-15	天津市	39	0	0.2571	
Mar-10	山东省	21	0	0.0222	
Feb-11	新疆	24	0	0.11	
Jun-07	广西	4	0	0.0085	
Mar-07	海南省	2	0	0.0239	
Jan-15	北京市	8	0	0.0372	
Mar-07	山西省	10	0	0.0296	
Sep-07	湖北省	1	0	0.0018	
Mar-15	重庆市	34	0	0.1137	
Mar-15	新疆	58	0	0.2523	
May-07	江苏省	15	0	0.0199	
Mar-05	湖南省	10	0	0.0159	
Jul-10	河北省	53	0	0.0753	
Feb-05	天津市	3	0	0.0288	
Oct-06	江西省	2	1	0.0046	0.0023
Jul-06	新疆	18	0	0.0896	
Aug-04	湖北省	16	0	0.0266	
Jan-04	广西	4	0	0.0082	
Sep-08	山东省	3	0	0.0032	
Jun-10	青海省	1	0	0.0179	
Jun-07	安徽省	16	0	0.0262	
Aug-14	陕西省	40	0	0.1063	
Feb-12	湖北省	1	0	0.0017	
Jul-13	建设兵团	1	0	0.0378	
Nov-11	云南省	4	0	0.0087	
Nov-12	安徽省	3	0	0.005	
Apr-07	青海省	2	0	0.0365	
May-04	河北省	72	0	0.1059	
Aug-11	贵州省	11	0	0.0317	
Jun-05	山西省	17	0	0.051	
May-11	贵州省	7	0	0.0201	
Aug-10	广西	2	0	0.0041	
Jun-06	重庆市	9	0	0.0322	
Aug-04	广东省	8	0	0.0101	
Feb-04	山西省	4	0	0.0121	
Mar-09	甘肃省	4	0	0.0152	
Sep-06	广西	2	0	0.0043	
Nov-10	广东省	1	0	0.001	
Mar-13	湖南省	3	0	0.0045	
Aug-10	北京市	5	0	0.0285	
Jan-06	新疆	9	0	0.0448	
Mar-14	广东省	13	0	0.0122	
Apr-09	广西	3	0	0.0062	
Jul-04	黑龙江省	4	0	0.0107	
Feb-15	湖北省	8	0	0.0138	
Jul-09	云南省	4	0	0.0088	
Jan-06	山西省	1	0	0.003	
May-13	新疆	18	0	0.0806	
Feb-08	天津市	1	0	0.009	
Jul-10	北京市	2	0	0.0114	
Jul-10	浙江省	5	0	0.0097	
Feb-12	新疆	92	0	0.4165	
Oct-10	广东省	1	0	0.001	
Oct-10	湖北省	2	0	0.0035	
Mar-07	甘肃省	10	0	0.0384	
Mar-05	山西省	14	0	0.042	
Aug-06	安徽省	30	0	0.049	
Jan-13	河北省	12	0	0.0165	
Jun-11	云南省	6	0	0.0131	
Sep-13	全国	118	0	0.0087	
Jun-04	天津市	5	0	0.0538	
Mar-08	江西省	8	0	0.0183	
Aug-07	重庆市	4	0	0.0142	
Aug-14	广西	1	0	0.0021	
May-09	青海省	1	0	0.018	
Nov-04	北京市	1	0	0.0068	
Jul-05	新疆	41	0	0.2063	
Jun-15	内蒙古	3	0	0.012	
Jun-04	黑龙江省	3	0	0.008	
Nov-04	江西省	10	0	0.0233	
Feb-04	山东省	14	0	0.0153	
Jul-04	湖北省	16	0	0.0266	
Apr-06	四川省	41	0	0.0499	
May-10	全国	197	0	0.0148	
Mar-04	全国	410	1	0.0315	0.0001
May-14	全国	254	0	0.0187	
Jan-13	湖北省	4	0	0.0069	
Nov-11	甘肃省	2	0	0.0078	
Jan-05	广西	4	0	0.0087	
Jun-07	天津市	4	0	0.0372	
Oct-05	福建省	5	0	0.0142	
Sep-10	广东省	1	0	0.001	
Aug-11	陕西省	15	0	0.0402	
Jul-04	安徽省	22	0	0.0341	
Jun-11	四川省	39	0	0.0485	
Jul-11	陕西省	11	0	0.0295	
Jul-14	云南省	1	0	0.0021	
Jan-09	新疆	11	0	0.0516	
Jul-12	浙江省	8	0	0.0146	
Jul-07	浙江省	6	0	0.012	
Aug-06	青海省	1	0	0.0184	
May-11	黑龙江省	1	0	0.0026	
May-09	河北省	46	0	0.0658	
Aug-06	广东省	9	0	0.0098	
Jun-12	浙江省	20	0	0.0366	
Feb-12	全国	227	0	0.0168	
Dec-08	浙江省	3	0	0.0059	
May-11	山西省	7	0	0.0196	
Apr-11	江西省	1	0	0.0022	
Oct-06	湖北省	1	0	0.0018	
Jan-06	湖南省	2	0	0.0032	
May-08	云南省	12	0	0.0266	
May-07	福建省	7	0	0.0197	
Aug-07	吉林省	5	0	0.0184	
Sep-12	重庆市	2	0	0.0069	
Jun-09	甘肃省	4	0	0.0152	
Sep-08	天津市	3	0	0.0269	
Feb-05	辽宁省	1	0	0.0024	
Dec-05	福建省	1	0	0.0028	
Jul-08	新疆	36	0	0.1718	
Aug-12	新疆	52	0	0.2354	
Jan-06	安徽省	4	0	0.0065	
Jun-11	山东省	22	0	0.023	
Jan-12	天津市	2	0	0.0148	
Jun-04	湖北省	19	0	0.0316	
Dec-05	江西省	3	0	0.007	
Aug-11	安徽省	9	0	0.0151	
Jul-12	四川省	35	0	0.0435	
Oct-15	建设兵团	1	0	0.0366	
Oct-14	四川省	10	0	0.0123	
Jun-09	四川省	31	0	0.0379	
Dec-10	新疆	24	0	0.1112	
Jul-07	江苏省	15	0	0.0199	
Jan-12	湖北省	4	0	0.0069	
Oct-06	吉林省	1	0	0.0037	
Oct-04	广东省	2	0	0.0025	
Mar-12	贵州省	9	0	0.0259	
Oct-11	全国	143	1	0.0107	0.0001
Apr-12	湖南省	1	0	0.0015	
Mar-11	湖北省	3	0	0.0052	
Jun-04	甘肃省	16	0	0.0612	
Jul-11	新疆	66	0	0.3025	
Jun-11	辽宁省	1	0	0.0023	
Nov-05	江苏省	1	0	0.0013	
Jun-13	贵州省	2	0	0.0057	
Apr-12	广东省	2	0	0.0019	
Mar-09	陕西省	3	0	0.008	
Sep-09	吉林省	1	0	0.0037	
Dec-08	宁夏	1	0	0.0164	
Mar-11	北京市	1	0	0.0051	
Jun-12	安徽省	8	0	0.0134	
Apr-04	内蒙古	6	0	0.0252	
Oct-05	建设兵团	1	0	0.0393	
May-15	重庆市	30	0	0.1003	
Jan-05	河北省	19	0	0.0279	
Aug-11	重庆市	1	0	0.0035	
Jul-10	辽宁省	1	0	0.0023	
Jan-14	广东省	10	0	0.0094	
Apr-15	北京市	8	0	0.0372	
Nov-04	安徽省	5	0	0.0078	
Mar-08	山东省	18	0	0.0192	
May-15	内蒙古	1	0	0.004	
Oct-15	新疆	117	0	0.509	
Sep-09	湖南省	3	0	0.0047	
Sep-11	四川省	29	0	0.0361	
Aug-04	江西省	22	0	0.0514	
Jan-05	云南省	4	0	0.0091	
Mar-07	辽宁省	1	0	0.0023	
Mar-10	河南省	2	0	0.0021	
Jul-08	甘肃省	8	0	0.0306	
Apr-15	山西省	2	0	0.0055	
Feb-14	重庆市	6	0	0.0202	
Jun-05	吉林省	8	0	0.0295	
May-15	安徽省	5	0	0.0082	
Mar-15	河北省	28	0	0.0379	
Jan-13	浙江省	3	0	0.0055	
Oct-09	新疆	5	0	0.0235	
Aug-09	江苏省	4	0	0.0052	
Jan-08	浙江省	3	0	0.0059	
Jul-09	宁夏	1	0	0.0165	
Sep-13	吉林省	3	0	0.0109	
Oct-13	河北省	9	0	0.0123	
Mar-15	福建省	5	0	0.0131	
Sep-05	江苏省	6	0	0.008	
Mar-10	贵州省	4	0	0.0105	
Oct-04	全国	210	0	0.0162	
Jul-08	四川省	125	0	0.1538	
May-07	新疆	63	0	0.3073	
Sep-05	四川省	15	0	0.0183	
Jun-10	河南省	9	0	0.0095	
Feb-06	天津市	3	0	0.0288	
Mar-12	甘肃省	4	0	0.0156	
Dec-07	新疆	58	0	0.2829	
Jun-07	浙江省	5	0	0.01	
Oct-12	山东省	3	0	0.0031	
Oct-12	重庆市	1	0	0.0034	
May-06	天津市	2	0	0.0192	
Nov-14	山东省	84	0	0.0863	
Jan-14	甘肃省	1	0	0.0039	
Dec-04	山西省	2	0	0.006	
Nov-11	新疆	51	0	0.2338	
Oct-13	天津市	10	0	0.0708	
Jul-11	浙江省	12	0	0.022	
Dec-14	四川省	9	0	0.0111	
Jan-13	新疆	32	0	0.1433	
Jun-07	四川省	56	0	0.0686	
May-13	山西省	2	0	0.0055	
Oct-07	广西	1	0	0.0021	
Feb-13	云南省	1	0	0.0021	
Jun-13	湖南省	1	0	0.0015	
Aug-14	西藏	1	0	0.032	
Oct-06	安徽省	6	0	0.0098	
Sep-12	湖北省	1	0	0.0017	
May-04	河南省	48	0	0.0495	
Aug-15	四川省	28	0	0.0344	
Aug-07	山东省	27	0	0.029	
Nov-11	贵州省	3	0	0.0086	
Feb-10	重庆市	1	0	0.0035	
May-14	江苏省	8	0	0.0101	
Jun-15	山东省	161	0	0.1645	
Oct-10	北京市	2	0	0.0114	
Sep-06	河北省	11	0	0.0161	
Jun-06	湖北省	15	0	0.0263	
Nov-07	重庆市	1	0	0.0036	
Jan-09	甘肃省	4	0	0.0152	
Feb-05	广东省	6	0	0.0066	
Aug-07	甘肃省	18	0	0.0691	
May-12	河南省	5	0	0.0053	
Apr-08	湖北省	9	0	0.0158	
Sep-09	河南省	1	0	0.0011	
Nov-07	浙江省	4	0	0.008	
Aug-04	新疆	29	1	0.1559	0.0054
Apr-05	新疆	22	0	0.1107	
Apr-15	黑龙江省	3	0	0.0078	
Jul-14	湖北省	11	0	0.019	
Apr-09	陕西省	2	0	0.0053	
May-14	四川省	13	0	0.016	
Jul-05	安徽省	42	0	0.0691	
Feb-04	黑龙江省	1	0	0.0027	
Aug-07	全国	343	0	0.0261	
Jul-09	湖北省	2	0	0.0035	
Sep-04	全国	230	0	0.0177	
Jan-05	甘肃省	10	0	0.0388	
May-11	新疆	71	0	0.3255	
Oct-10	江苏省	1	0	0.0013	
Jan-13	贵州省	3	0	0.0086	
Feb-10	河南省	3	0	0.0032	
Sep-10	全国	114	1	0.0085	0.0001
Jan-04	河北省	10	0	0.0147	
Apr-12	天津市	6	0	0.0443	
Jan-14	湖北省	1	0	0.0017	
Jun-14	河北省	23	0	0.0314	
Nov-07	四川省	8	0	0.0098	
May-08	浙江省	17	0	0.0336	
Jun-06	安徽省	23	0	0.0376	
Mar-07	贵州省	11	0	0.0293	
Sep-10	湖南省	3	0	0.0047	
Dec-04	陕西省	16	0	0.0437	
Mar-09	安徽省	8	0	0.013	
Oct-11	湖南省	1	0	0.0015	
Jul-07	陕西省	9	0	0.0241	
Mar-13	重庆市	2	0	0.0068	
Jul-11	广东省	23	0	0.0221	
Mar-04	河北省	25	0	0.0368	
Sep-14	建设兵团	1	0	0.037	
Jul-08	河南省	12	0	0.0128	
Feb-15	甘肃省	4	0	0.0154	
Jul-13	重庆市	15	0	0.0509	
Nov-04	福建省	3	0	0.0083	
Jun-05	河南省	34	0	0.0364	
May-15	河北省	29	0	0.0393	
Oct-13	新疆	31	0	0.1388	
Oct-06	湖南省	4	0	0.0063	
Jul-07	内蒙古	1	0	0.0042	
Sep-11	湖北省	2	0	0.0035	
Oct-09	全国	72	0	0.0054	
Jan-10	建设兵团	1	0	0.0389	
Aug-08	湖北省	6	0	0.0105	
Feb-06	江西省	2	0	0.0046	
Dec-11	广西	1	0	0.0022	
Oct-10	黑龙江省	1	0	0.0026	
Feb-05	江西省	6	0	0.014	
May-08	建设兵团	2	0	0.0774	
May-08	湖南省	6	0	0.0094	
Dec-04	贵州省	2	0	0.0052	
Sep-14	山西省	6	0	0.0165	
Jan-08	福建省	2	0	0.0056	
Aug-14	重庆市	28	0	0.0943	
Oct-08	福建省	3	0	0.0084	
Mar-08	福建省	6	0	0.0168	
Mar-04	四川省	68	0	0.078	
Sep-08	云南省	1	0	0.0022	
May-08	甘肃省	14	0	0.0535	
Oct-11	黑龙江省	2	0	0.0052	
Feb-12	黑龙江省	2	0	0.0052	
Jun-14	江苏省	4	0	0.005	
May-04	江苏省	12	0	0.0159	
Oct-10	新疆	8	0	0.0371	
Mar-06	江苏省	2	0	0.0027	
Apr-09	广东省	2	0	0.0021	
Aug-09	山东省	16	0	0.017	
May-04	甘肃省	22	0	0.0842	
Oct-05	甘肃省	9	0	0.0349	
Aug-04	山西省	29	0	0.0875	
Sep-12	山东省	14	0	0.0145	
Apr-07	河北省	21	0	0.0304	
Nov-06	陕西省	2	0	0.0054	
Apr-10	甘肃省	8	0	0.0304	
Feb-11	黑龙江省	1	0	0.0026	
Oct-11	江西省	1	0	0.0022	
Jun-08	全国	264	0	0.02	
Mar-12	云南省	1	0	0.0022	
Mar-09	黑龙江省	2	0	0.0052	
Apr-05	上海市	1	0	0.0056	
Jan-15	湖南省	3	0	0.0045	
Aug-13	山西省	1	0	0.0028	
Nov-14	陕西省	11	0	0.0292	
May-10	河南省	6	0	0.0063	
Oct-08	天津市	1	0	0.009	
Jan-11	全国	98	0	0.0073	
May-14	贵州省	3	0	0.0086	
Jun-15	贵州省	7	0	0.02	
Apr-07	安徽省	26	0	0.0426	
Aug-07	江苏省	4	0	0.0053	
Dec-12	山东省	1	0	0.001	
Sep-07	江西省	1	0	0.0023	
Sep-05	山西省	2	0	0.006	
Nov-12	广东省	4	0	0.0038	
Feb-07	浙江省	2	0	0.004	
Nov-08	江苏省	1	0	0.0013	
Jun-14	北京市	11	0	0.052	
Dec-12	安徽省	3	0	0.005	
Dec-12	云南省	2	0	0.0043	
Jul-06	内蒙古	3	0	0.0126	
Mar-11	安徽省	12	0	0.0202	
Apr-14	福建省	1	0	0.0026	
Jun-04	陕西省	86	0	0.2351	
Dec-13	广东省	5	0	0.0047	
Jul-06	青海省	3	0	0.0552	
Mar-05	建设兵团	3	0	0.118	
Sep-11	江苏省	6	0	0.0076	
Sep-13	湖南省	1	0	0.0015	
Jul-06	浙江省	6	0	0.0122	
Dec-13	河北省	9	0	0.0123	
May-08	河南省	8	0	0.0085	
Jun-09	福建省	1	0	0.0028	
Apr-09	四川省	28	0	0.0342	
Oct-06	河北省	15	0	0.0219	
Mar-09	江苏省	2	0	0.0026	
Mar-13	广东省	9	0	0.0085	
Jun-09	山东省	14	0	0.0149	
Mar-14	北京市	4	0	0.0189	
Sep-14	天津市	46	0	0.3125	
Feb-12	重庆市	2	0	0.0069	
Jan-09	浙江省	2	0	0.0039	
May-04	湖南省	14	0	0.021	
Jul-11	贵州省	13	0	0.0374	
Sep-11	黑龙江省	3	0	0.0078	
Aug-11	广东省	10	0	0.0096	
Feb-07	江西省	1	0	0.0023	
Jun-14	贵州省	2	0	0.0057	
Jun-10	北京市	1	0	0.0057	
Jan-12	广东省	8	0	0.0076	
Jun-09	浙江省	11	0	0.0215	
May-05	新疆	21	0	0.1057	
Mar-15	建设兵团	2	0	0.0732	
Aug-04	河南省	23	0	0.0237	
Jul-08	山西省	8	0	0.0236	
Oct-11	青海省	1	0	0.0178	
Jun-10	宁夏	2	0	0.032	
Apr-15	江苏省	5	0	0.0063	
Feb-14	黑龙江省	3	0	0.0078	
Jun-07	山西省	6	0	0.0178	
Jan-07	广东省	4	0	0.0043	
Apr-06	广西	4	0	0.0086	
May-06	福建省	9	0	0.0255	
Jun-10	浙江省	5	0	0.0097	
Dec-12	全国	64	0	0.0048	
Mar-12	浙江省	11	0	0.0201	
Sep-11	浙江省	6	0	0.011	
Jan-06	黑龙江省	2	0	0.0052	
Nov-14	湖南省	1	0	0.0015	
Aug-13	四川省	14	0	0.0173	
Sep-14	北京市	12	0	0.0567	
Jan-10	安徽省	1	0	0.0016	
Mar-12	广东省	5	0	0.0048	
Dec-07	黑龙江省	3	0	0.0078	
Aug-07	陕西省	3	0	0.008	
Mar-11	江苏省	9	0	0.0114	
Oct-10	河北省	23	0	0.0327	
May-13	黑龙江省	3	0	0.0078	
Aug-04	安徽省	12	0	0.0186	
Jan-11	四川省	17	0	0.0211	
Mar-08	广西	5	0	0.0105	
Jul-15	浙江省	33	0	0.0599	
Mar-14	四川省	18	0	0.0222	
May-13	河北省	19	0	0.0261	
Nov-06	新疆	12	1	0.0597	0.005
Jan-15	重庆市	8	0	0.0267	
Sep-07	天津市	1	0	0.0093	
Mar-06	天津市	3	0	0.0288	
May-10	天津市	5	0	0.0407	
Dec-10	黑龙江省	2	0	0.0052	
Feb-11	安徽省	2	0	0.0034	
Oct-04	云南省	10	0	0.023	
Oct-14	湖北省	1	0	0.0017	
Feb-15	河北省	22	0	0.0298	
May-08	贵州省	11	0	0.0292	
Nov-10	贵州省	1	0	0.0026	
Apr-13	贵州省	2	0	0.0057	
Feb-07	云南省	4	0	0.0089	
Jul-08	江西省	5	0	0.0114	
Sep-04	甘肃省	11	0	0.0421	
Jul-06	宁夏	1	0	0.0168	
Dec-11	河南省	4	0	0.0043	
Nov-13	广东省	2	0	0.0019	
Nov-11	河北省	11	0	0.0153	
Jul-05	广东省	8	0	0.0088	
Mar-11	重庆市	5	0	0.0173	
Mar-13	全国	120	0	0.0089	
Nov-10	新疆	15	0	0.0695	
Dec-12	吉林省	1	0	0.0036	
Feb-08	北京市	1	0	0.0061	
Jul-06	河南省	33	0	0.0352	
Jun-07	山东省	40	0	0.043	
Mar-10	湖南省	3	0	0.0047	
Jul-15	新疆	197	0	0.8571	
Nov-14	广东省	26	0	0.0244	
Aug-13	全国	191	0	0.0141	
Sep-10	重庆市	1	0	0.0035	
Sep-14	福建省	2	0	0.0053	
Aug-09	山西省	3	0	0.0088	
Feb-10	甘肃省	9	0	0.0341	
Oct-07	宁夏	1	0	0.0166	
Jun-11	安徽省	7	0	0.0118	
Nov-09	河南省	1	0	0.0011	
Nov-05	河北省	15	0	0.022	
Jan-14	湖南省	3	0	0.0045	
Jan-04	贵州省	23	0	0.0602	
Apr-12	青海省	1	0	0.0176	
Mar-10	云南省	3	0	0.0066	
Dec-06	云南省	2	0	0.0045	
Jun-13	天津市	35	0	0.2477	
Apr-14	云南省	2	0	0.0043	
Aug-15	上海市	1	0	0.0041	
Mar-07	黑龙江省	2	0	0.0052	
Nov-05	湖北省	3	0	0.0053	
Mar-10	新疆	14	0	0.0649	
Oct-07	全国	128	0	0.0097	
Dec-15	山东省	40	0	0.0409	
Sep-15	黑龙江省	2	0	0.0052	
Apr-13	黑龙江省	1	0	0.0026	
Oct-15	河北省	26	0	0.0352	
Feb-05	云南省	6	0	0.0136	
Jul-05	北京市	2	0	0.013	
Jul-12	北京市	2	0	0.0099	
Mar-05	甘肃省	18	0	0.0698	
Jan-09	四川省	25	0	0.0306	
Apr-09	宁夏	2	0	0.033	
Nov-06	福建省	1	0	0.0028	
Sep-04	贵州省	7	0	0.0183	
Jan-04	青海省	1	0	0.0185	
Jun-06	江苏省	11	1	0.0147	0.0013
Nov-09	山西省	2	0	0.0059	
Jun-04	江西省	18	0	0.042	
Jul-10	江苏省	12	0	0.0155	
Sep-10	安徽省	1	0	0.0016	
Jul-09	山西省	5	0	0.0147	
Jul-11	天津市	4	0	0.0309	
Apr-14	甘肃省	1	0	0.0039	
May-08	安徽省	22	0	0.036	
Mar-11	山东省	30	0	0.0313	
Aug-06	宁夏	1	0	0.0168	
Jan-05	贵州省	7	0	0.0189	
Nov-07	山东省	2	0	0.0021	
Nov-06	吉林省	1	0	0.0037	
Feb-07	安徽省	7	0	0.0115	
Jun-12	四川省	28	0	0.0348	
Nov-13	安徽省	1	0	0.0017	
Mar-06	青海省	4	0	0.0737	
Apr-13	山东省	22	0	0.0227	
Mar-07	云南省	9	0	0.0201	
Jan-05	山西省	3	0	0.009	
Sep-05	宁夏	2	0	0.0339	
Mar-13	贵州省	2	0	0.0057	
Dec-14	贵州省	3	0	0.0086	
Jul-06	天津市	2	0	0.0192	
Mar-10	辽宁省	3	0	0.0069	
Sep-10	北京市	2	0	0.0114	
Jul-08	云南省	4	0	0.0089	
May-05	吉林省	5	0	0.0185	
Jul-11	海南省	2	0	0.0231	
Feb-06	山西省	4	0	0.0119	
May-12	新疆	85	0	0.3848	
Nov-05	山东省	9	0	0.0098	
Oct-07	河南省	9	0	0.0096	
Oct-12	天津市	7	0	0.0517	
Mar-12	河南省	6	0	0.0064	
Jan-05	海南省	1	0	0.0122	
Mar-07	青海省	2	0	0.0365	
Apr-15	贵州省	3	0	0.0086	
Feb-14	浙江省	1	0	0.0018	
Jan-08	河南省	3	0	0.0032	
May-04	宁夏	1	0	0.0171	
Aug-09	吉林省	1	0	0.0037	
Apr-12	贵州省	9	0	0.0259	
Apr-04	安徽省	24	0	0.0372	
Feb-14	陕西省	5	0	0.0133	
Sep-09	新疆	6	0	0.0282	
Jul-04	江苏省	8	0	0.0106	
Apr-13	云南省	2	0	0.0043	
May-04	山西省	12	0	0.0362	
Sep-15	河北省	29	0	0.0393	
Nov-06	全国	115	1	0.0088	0.0001
Jun-15	山西省	13	0	0.0356	
Oct-06	四川省	18	0	0.0219	
Jul-12	江苏省	13	0	0.0165	
Sep-04	陕西省	22	0	0.0601	
Sep-14	黑龙江省	5	0	0.013	
Oct-09	甘肃省	6	0	0.0228	
Apr-06	云南省	6	0	0.0135	
Feb-08	贵州省	10	0	0.0266	
Feb-14	天津市	3	0	0.0204	
Jun-04	广西	13	0	0.0268	
Aug-05	湖北省	10	0	0.0176	
Feb-09	甘肃省	2	0	0.0076	
Sep-15	宁夏	1	0	0.0151	
Sep-13	湖北省	2	0	0.0035	
Jan-10	天津市	1	0	0.0081	
Jun-06	吉林省	1	0	0.0037	
Oct-05	山东省	3	0	0.0033	
Aug-15	福建省	1	0	0.0026	
Sep-10	山西省	8	0	0.0233	
Sep-08	广东省	1	0	0.0011	
Jul-06	辽宁省	1	0	0.0024	
May-13	江苏省	6	0	0.0076	
Aug-04	甘肃省	32	0	0.1224	
Oct-14	安徽省	3	0	0.005	
May-12	北京市	2	0	0.0099	
Nov-15	山东省	66	0	0.0674	
Aug-06	云南省	8	0	0.018	
May-07	河南省	14	0	0.0149	
Oct-08	四川省	17	0	0.0209	
May-07	甘肃省	19	0	0.0729	
Jun-08	新疆	40	0	0.1909	
Nov-11	上海市	0	0		
Feb-05	河北省	39	0	0.0573	
Nov-07	广西	1	0	0.0021	
Aug-06	山东省	9	0	0.0097	
Jun-13	江西省	4	0	0.0089	
May-09	湖南省	6	0	0.0094	
Dec-11	山西省	1	0	0.0028	
Jul-04	宁夏	1	0	0.0171	
Oct-14	河北省	48	0	0.0655	
Jan-05	湖北省	3	0	0.0053	
May-14	北京市	8	0	0.0378	
Feb-04	江苏省	3	0	0.004	
Aug-09	四川省	29	0	0.0354	
Jul-13	黑龙江省	8	0	0.0209	
Apr-14	重庆市	17	0	0.0572	
May-04	云南省	13	0	0.0299	
Mar-12	北京市	2	0	0.0099	
Jul-05	吉林省	6	0	0.0221	
Jul-05	浙江省	10	0	0.0205	
Jul-06	北京市	1	0	0.0065	
Apr-10	山东省	24	0	0.0253	
Sep-08	湖南省	4	0	0.0063	
Dec-06	广东省	2	0	0.0022	
Jul-13	全国	267	0	0.0197	
Aug-13	广东省	3	0	0.0028	
Dec-15	河南省	9	0	0.0095	
Dec-15	全国	332	1	0.0244	0.0001
Nov-14	云南省	2	0	0.0043	
Nov-13	重庆市	1	0	0.0034	
Jul-04	福建省	10	0	0.0278	
Apr-06	全国	253	1	0.0193	0.0001
Nov-14	重庆市	7	0	0.0236	
Jun-07	湖南省	12	0	0.0189	
Sep-04	湖南省	7	0	0.0105	
Nov-10	全国	89	0	0.0067	
Jul-04	浙江省	1	0	0.0021	
Aug-05	安徽省	19	0	0.0312	
Apr-05	全国	421	0	0.0324	
Jan-05	安徽省	5	0	0.0082	
Oct-07	四川省	14	0	0.0171	
May-09	内蒙古	1	0	0.0041	
Jul-05	贵州省	20	0	0.054	
Apr-04	天津市	4	0	0.043	
Apr-11	黑龙江省	2	0	0.0052	
Feb-13	广东省	6	0	0.0057	
Jul-08	天津市	12	0	0.1076	
Jun-04	湖南省	7	0	0.0105	
Feb-11	四川省	42	0	0.0522	
Jan-05	浙江省	4	0	0.0082	
Nov-05	广东省	3	0	0.0033	
Dec-14	青海省	1	0	0.0173	
Jun-13	浙江省	1	0	0.0018	
Apr-04	宁夏	2	0	0.0342	
Nov-04	新疆	14	0	0.0753	
Feb-05	全国	248	1	0.0191	0.0001
Mar-12	湖南省	4	0	0.0061	
Feb-09	广东省	2	0	0.0021	
Nov-13	天津市	3	0	0.0212	
Sep-08	黑龙江省	1	0	0.0026	
Apr-11	四川省	31	0	0.0385	
Oct-07	新疆	48	0	0.2341	
Aug-07	黑龙江省	2	0	0.0052	
Apr-10	安徽省	3	0	0.0049	
May-15	山西省	9	0	0.0247	
Sep-13	四川省	11	0	0.0136	
Jun-05	福建省	7	0	0.0199	
Jul-04	江西省	28	0	0.0654	
May-09	湖北省	4	0	0.007	
Jul-09	吉林省	3	1	0.011	0.0037
Jun-15	河北省	25	0	0.0339	
Dec-09	山东省	4	0	0.0042	
Jul-13	江苏省	7	0	0.0088	
Nov-08	四川省	8	0	0.0098	
Jun-05	湖南省	29	0	0.0461	
Nov-10	山东省	7	0	0.0074	
Aug-15	江西省	2	0	0.0044	
Mar-15	天津市	33	0	0.2176	
May-14	安徽省	10	0	0.0166	
Oct-12	湖南省	2	0	0.003	
Jul-07	建设兵团	1	0	0.0388	
Jun-14	湖北省	3	0	0.0052	
Jun-04	内蒙古	2	0	0.0084	
Aug-06	四川省	49	0	0.0597	
Oct-08	新疆	9	0	0.043	
Sep-13	江苏省	1	0	0.0013	
Nov-05	云南省	9	0	0.0204	
May-14	重庆市	24	0	0.0808	
May-10	甘肃省	9	0	0.0341	
Mar-05	四川省	60	0	0.0733	
Feb-14	新疆	11	0	0.0486	
Aug-06	重庆市	9	0	0.0322	
Aug-11	北京市	2	0	0.0102	
Aug-06	黑龙江省	1	0	0.0026	
Dec-15	上海市	1	0	0.0041	
Dec-12	重庆市	2	0	0.0069	
Aug-14	天津市	35	0	0.2377	
Nov-07	云南省	4	0	0.0089	
Aug-14	湖南省	3	0	0.0045	
Aug-05	全国	429	0	0.033	
Sep-04	青海省	1	0	0.0185	
Apr-08	青海省	1	0	0.0181	
Apr-07	湖南省	6	0	0.0095	
Jul-10	湖南省	4	0	0.0062	
Jun-06	河北省	59	0	0.0861	
Oct-13	全国	119	0	0.0088	
Dec-06	福建省	3	0	0.0085	
Dec-11	江苏省	1	0	0.0013	
Jun-15	重庆市	56	0	0.1872	
Mar-08	青海省	5	0	0.0906	
May-10	江苏省	9	0	0.0117	
Feb-07	河北省	11	0	0.0159	
Sep-11	云南省	3	0	0.0065	
Jan-06	河南省	8	0	0.0085	
Sep-14	浙江省	11	0	0.02	
Apr-10	河北省	52	0	0.0739	
Jul-14	四川省	23	0	0.0284	
May-08	辽宁省	1	0	0.0023	
Dec-10	全国	86	0	0.0064	
Oct-07	甘肃省	9	0	0.0345	
Jul-11	山西省	6	0	0.0168	
Sep-06	甘肃省	3	0	0.0116	
Apr-13	安徽省	2	0	0.0033	
Feb-15	全国	360	0	0.0264	
Jun-11	重庆市	1	0	0.0035	
Jul-07	宁夏	1	0	0.0166	
Jun-07	贵州省	8	0	0.0213	
Aug-12	湖北省	1	0	0.0017	
May-07	云南省	8	0	0.0178	
Jul-08	广西	3	0	0.0063	
Aug-09	重庆市	2	0	0.007	
Nov-06	安徽省	4	0	0.0065	
Mar-08	山西省	6	0	0.0177	
Jul-14	辽宁省	2	0	0.0046	
Nov-10	广西	1	0	0.0021	
Mar-04	贵州省	20	0	0.0523	
Feb-04	福建省	4	0	0.0111	
Apr-14	河南省	2	0	0.0021	
Dec-07	贵州省	4	0	0.0106	
May-13	四川省	22	0	0.0272	
Jun-04	新疆	71	0	0.3816	
Sep-09	湖北省	1	0	0.0018	
Oct-15	重庆市	20	0	0.0669	
Mar-12	黑龙江省	4	0	0.0104	
Jul-10	湖北省	2	0	0.0035	
Apr-05	湖南省	14	0	0.0222	
Mar-04	宁夏	2	0	0.0342	
Aug-13	河南省	7	0	0.0074	
Jun-06	北京市	2	0	0.013	
Jun-07	重庆市	2	0	0.0071	
May-08	陕西省	12	0	0.032	
Mar-04	云南省	15	0	0.0344	
Aug-05	黑龙江省	3	0	0.0079	
Feb-06	青海省	1	0	0.0184	
Jan-07	天津市	2	0	0.0186	
Dec-04	广西	1	0	0.0021	
Jan-09	贵州省	5	0	0.0132	
Aug-09	天津市	4	0	0.034	
Jun-12	陕西省	7	0	0.0187	
Jun-05	甘肃省	17	0	0.0659	
Mar-07	湖北省	4	0	0.007	
Feb-12	湖南省	2	0	0.003	
Aug-10	江苏省	5	0	0.0065	
Nov-13	北京市	3	0	0.0145	
Jan-04	江苏省	1	0	0.0013	
Jul-08	广东省	6	0	0.0063	
Dec-15	四川省	23	0	0.0283	
Jul-13	河北省	27	0	0.037	
Mar-04	湖北省	11	0	0.0183	
Jan-06	广东省	4	0	0.0044	
Mar-10	重庆市	4	0	0.014	
Jan-15	新疆	47	0	0.2045	
Sep-15	新疆	127	0	0.5525	
Oct-10	全国	107	0	0.008	
Dec-04	浙江省	3	0	0.0064	
Dec-08	贵州省	3	0	0.008	
May-14	浙江省	9	0	0.0164	
Mar-07	湖南省	12	0	0.0189	
Mar-11	广西	1	0	0.0022	
Apr-13	江西省	1	0	0.0022	
May-05	江苏省	13	0	0.0174	
Oct-07	吉林省	1	0	0.0037	
Oct-10	甘肃省	4	0	0.0152	
May-06	湖南省	18	0	0.0285	
Sep-14	广东省	31	0	0.0291	
Dec-05	河北省	8	0	0.0117	
Jan-05	湖南省	12	0	0.0191	
Feb-07	江苏省	6	0	0.0079	
Apr-08	天津市	2	0	0.0179	
May-09	江西省	2	0	0.0045	
Aug-11	江西省	1	0	0.0022	
Aug-05	山西省	9	0	0.027	
Aug-04	贵州省	29	0	0.0759	
Jan-07	辽宁省	1	0	0.0023	
Nov-15	浙江省	4	0	0.0073	
Feb-06	云南省	9	0	0.0202	
Oct-10	福建省	1	0	0.0028	
May-09	黑龙江省	2	0	0.0052	
Aug-09	陕西省	5	0	0.0133	
Nov-13	四川省	10	0	0.0124	
Jul-04	陕西省	83	0	0.2269	
Apr-12	云南省	4	0	0.0086	
May-07	内蒙古	4	0	0.0167	
Nov-10	云南省	1	0	0.0022	
Apr-14	安徽省	6	0	0.01	
Mar-04	新疆	91	1	0.4891	0.0054
Nov-06	甘肃省	5	0	0.0193	
Jun-12	江西省	1	0	0.0022	
Feb-06	河北省	14	0	0.0204	
Nov-15	安徽省	1	0	0.0016	
Dec-04	山东省	1	0	0.0011	
May-11	广东省	14	0	0.0134	
Feb-10	广东省	1	0	0.001	
Apr-12	北京市	1	0	0.005	
Nov-11	黑龙江省	2	0	0.0052	
Apr-07	山西省	8	0	0.0237	
May-07	重庆市	3	0	0.0107	
Jul-04	云南省	13	0	0.0299	
Sep-14	甘肃省	6	0	0.0232	
Mar-06	内蒙古	2	0	0.0084	
Mar-04	山西省	10	0	0.0302	
Apr-07	北京市	1	0	0.0063	
Nov-08	河南省	1	0	0.0011	
Dec-15	江西省	4	0	0.0088	
Dec-10	山西省	2	0	0.0058	
Aug-14	内蒙古	1	0	0.004	
May-04	湖北省	23	0	0.0383	
Jul-12	新疆	62	0	0.2807	
Dec-09	黑龙江省	6	0	0.0157	
Feb-08	湖南省	8	0	0.0126	
Apr-06	重庆市	11	0	0.0393	
Mar-08	新疆	39	0	0.1862	
Feb-15	天津市	29	0	0.1912	
Jul-15	北京市	8	0	0.0372	
Nov-13	湖北省	2	0	0.0035	
Jun-08	安徽省	22	0	0.036	
Nov-12	浙江省	2	0	0.0037	
Mar-05	天津市	6	0	0.0576	
Aug-14	黑龙江省	8	0	0.0209	
Sep-15	重庆市	13	0	0.0435	
Jun-13	建设兵团	1	0	0.0378	
Jan-13	广东省	3	0	0.0028	
Feb-15	广东省	41	0	0.0382	
Jul-05	青海省	3	0	0.0558	
May-13	安徽省	4	0	0.0067	
Dec-09	吉林省	1	0	0.0037	
Jun-06	湖南省	18	0	0.0285	
Aug-05	江苏省	7	0	0.0094	
May-10	贵州省	3	0	0.0079	
Aug-11	河南省	19	0	0.0202	
Jul-14	重庆市	34	0	0.1145	
May-08	北京市	2	0	0.0122	
Feb-15	重庆市	26	0	0.0869	
Oct-07	广东省	3	0	0.0032	
Mar-05	广西	1	0	0.0022	
Jun-05	上海市	1	0	0.0056	
Sep-07	陕西省	6	0	0.0161	
Apr-07	天津市	4	0	0.0372	
May-06	河北省	46	0	0.0671	
Apr-14	陕西省	9	0	0.0239	
Aug-04	海南省	1	0	0.0123	
Oct-15	广西	1	0	0.0021	
Sep-11	广东省	9	0	0.0086	
Jun-08	黑龙江省	2	0	0.0052	
Feb-14	河北省	11	0	0.015	
Feb-07	福建省	3	0	0.0084	
Jun-11	黑龙江省	3	0	0.0078	
Jul-06	贵州省	14	0	0.0375	
Nov-08	全国	58	0	0.0044	
Feb-06	山东省	2	0	0.0022	
Jul-11	湖南省	14	0	0.0213	
Nov-08	湖北省	2	0	0.0035	
Feb-08	陕西省	5	0	0.0133	
Apr-06	陕西省	8	0	0.0215	
Apr-11	北京市	1	0	0.0051	
Dec-05	河南省	4	0	0.0043	
Apr-05	山西省	16	0	0.048	
Dec-15	天津市	12	0	0.0791	
Dec-06	安徽省	18	0	0.0294	
Nov-07	陕西省	3	0	0.008	
Feb-09	山东省	4	0	0.0042	
Nov-09	四川省	6	0	0.0073	
Sep-05	内蒙古	1	0	0.0042	
May-11	江苏省	15	0	0.0191	
Sep-07	宁夏	1	0	0.0166	
Apr-11	河北省	12	0	0.0167	
Jan-10	云南省	4	0	0.0088	
Feb-11	广西	1	0	0.0022	
Apr-08	广东省	4	0	0.0042	
Aug-04	河北省	71	0	0.1044	
Aug-11	云南省	9	0	0.0196	
Sep-06	重庆市	2	0	0.0071	
Feb-13	山东省	10	0	0.0103	
Dec-06	新疆	6	0	0.0299	
Apr-08	河南省	10	0	0.0107	
Nov-15	广东省	34	0	0.0317	
Sep-04	山东省	14	0	0.0153	
Aug-15	云南省	7	0	0.0148	
Jan-08	湖北省	3	0	0.0053	
Feb-07	宁夏	4	0	0.0662	
Jun-09	吉林省	3	0	0.011	
Mar-10	广东省	2	0	0.0021	
Mar-09	浙江省	8	0	0.0156	
Jun-10	吉林省	1	0	0.0037	
Jan-04	河南省	9	0	0.0093	
Aug-12	贵州省	4	0	0.0115	
Aug-14	湖北省	6	0	0.0103	
Dec-13	甘肃省	1	0	0.0039	
Mar-11	全国	222	0	0.0166	
Aug-07	内蒙古	2	0	0.0083	
Dec-04	内蒙古	1	0	0.0042	
Nov-15	建设兵团	3	0	0.1098	
May-13	云南省	1	0	0.0021	
May-12	浙江省	15	0	0.0275	
Mar-06	北京市	3	0	0.0195	
Feb-04	新疆	68	0	0.3655	
Sep-05	河南省	9	0	0.0096	
Dec-06	贵州省	1	0	0.0027	
Dec-07	四川省	8	0	0.0098	
Nov-04	吉林省	2	0	0.0075	
Nov-09	山东省	1	0	0.0011	
Jun-10	云南省	4	0	0.0088	
Sep-11	河北省	12	0	0.0167	
Jun-06	福建省	2	0	0.0057	
May-05	浙江省	28	0	0.0575	
Feb-08	湖北省	2	0	0.0035	
Feb-09	江苏省	3	0	0.0039	
Feb-05	湖南省	13	0	0.0207	
May-11	重庆市	6	0	0.0208	
May-06	重庆市	18	0	0.0643	
Sep-13	浙江省	2	0	0.0037	
Aug-11	江苏省	5	0	0.0064	
May-04	安徽省	19	0	0.0295	
Dec-04	湖南省	1	0	0.0015	
Nov-08	广东省	3	0	0.0032	
Nov-12	河北省	8	0	0.011	
Nov-08	山西省	4	0	0.0118	
May-04	江西省	15	0	0.035	
Oct-13	贵州省	2	0	0.0057	
Jun-09	黑龙江省	2	0	0.0052	
Sep-06	全国	116	0	0.0089	
Nov-14	湖北省	2	0	0.0034	
Jan-13	全国	111	0	0.0082	
Jul-11	江苏省	13	0	0.0165	
Mar-06	河南省	16	0	0.0171	
Jun-13	广东省	6	0	0.0057	
Oct-09	山西省	4	0	0.0117	
May-14	湖北省	2	0	0.0034	
Jan-06	浙江省	7	0	0.0143	
Mar-05	青海省	1	0	0.0186	
Sep-08	陕西省	6	0	0.016	
Oct-04	河南省	19	0	0.0196	
Feb-08	广西	3	0	0.0063	
Sep-13	河北省	13	0	0.0178	
Jan-12	全国	489	0	0.0363	
Jan-07	云南省	4	0	0.0089	
Aug-05	四川省	38	0	0.0464	
Dec-09	浙江省	1	0	0.002	
May-10	宁夏	1	0	0.016	
Jul-07	全国	470	0	0.0358	
Jan-15	广东省	28	0	0.0261	
May-04	西藏	2	0	0.0766	
May-05	湖南省	28	0	0.0445	
May-14	新疆	9	0	0.0397	
Mar-08	浙江省	16	0	0.0316	
Jun-08	广西	2	0	0.0042	
Jan-07	江西省	5	0	0.0115	
Aug-15	湖南省	9	0	0.0134	
Oct-15	山东省	81	0	0.0827	
Feb-06	湖北省	3	0	0.0053	
Sep-07	安徽省	2	0	0.0033	
Oct-04	新疆	11	0	0.0591	
Jan-11	安徽省	2	0	0.0034	
Aug-15	重庆市	48	0	0.1605	
Mar-07	广西	4	0	0.0085	
Feb-11	山东省	24	0	0.0251	
Jun-06	山西省	8	0	0.0238	
Dec-11	云南省	3	0	0.0065	
Aug-10	河北省	33	0	0.0469	
Aug-14	全国	525	1	0.0387	0.0001
Nov-08	陕西省	2	0	0.0053	
Aug-13	天津市	14	0	0.0991	
Nov-11	广东省	6	0	0.0058	
Sep-07	湖南省	8	0	0.0126	
Dec-04	四川省	31	0	0.0356	
Apr-06	湖北省	10	0	0.0175	
Nov-15	江西省	1	0	0.0022	
Jul-09	江苏省	9	0	0.0117	
May-15	湖北省	21	0	0.0361	
Aug-08	宁夏	1	0	0.0164	
Jun-07	湖北省	9	0	0.0158	
Sep-06	吉林省	1	0	0.0037	
Nov-14	河北省	35	0	0.0477	
Jun-09	河南省	6	0	0.0064	
Aug-09	浙江省	7	0	0.0137	
Nov-11	四川省	16	0	0.0199	
Jan-09	黑龙江省	1	0	0.0026	
Apr-06	山西省	1	0	0.003	
Apr-04	河北省	55	0	0.0809	
Jun-14	陕西省	14	0	0.0372	
Apr-13	天津市	5	0	0.0354	
Apr-08	福建省	3	0	0.0084	
Aug-07	山西省	14	0	0.0415	
Jun-04	四川省	71	0	0.0815	
Aug-05	山东省	26	0	0.0283	
Mar-15	甘肃省	7	0	0.027	
Oct-11	甘肃省	2	0	0.0078	
Apr-12	山东省	8	0	0.0083	
Apr-05	湖北省	15	0	0.0263	
Aug-04	全国	535	2	0.0412	0.0002
Feb-05	青海省	4	0	0.0744	
Sep-14	湖北省	4	0	0.0069	
Jun-15	浙江省	29	0	0.0527	
Jun-06	江西省	4	0	0.0093	
Jul-04	广西	14	0	0.0288	
Jul-04	辽宁省	2	0	0.0048	
May-13	甘肃省	3	0	0.0116	
Nov-14	黑龙江省	3	0	0.0078	
Sep-09	河北省	17	0	0.0243	
Jul-05	黑龙江省	3	0	0.0079	
Jul-10	广东省	1	0	0.001	
Jun-04	贵州省	27	0	0.0706	
Jul-11	河北省	20	0	0.0278	
Jul-10	内蒙古	1	0	0.0041	
Mar-12	上海市	2	0	0.0085	
Mar-15	河南省	17	0	0.018	
Jul-07	辽宁省	1	0	0.0023	
Sep-12	江苏省	4	0	0.0051	
Jan-08	宁夏	1	0	0.0164	
Jan-12	安徽省	14	0	0.0235	
May-12	甘肃省	2	0	0.0078	
Sep-05	北京市	1	0	0.0065	
Jul-09	黑龙江省	2	0	0.0052	
Jun-05	陕西省	47	0	0.1269	
Apr-05	天津市	8	0	0.0768	
May-08	湖北省	14	0	0.0246	
Jul-04	河南省	42	0	0.0433	
Jul-06	安徽省	16	0	0.0261	
Oct-14	广东省	22	0	0.0207	
Jun-07	全国	358	0	0.0272	
Oct-07	江苏省	1	0	0.0013	
Sep-09	云南省	1	0	0.0022	
Aug-06	甘肃省	6	0	0.0231	
Feb-04	安徽省	6	0	0.0093	
Jan-04	福建省	5	0	0.0139	
Oct-15	湖北省	3	0	0.0052	
Mar-06	江西省	4	0	0.0093	
Jan-13	甘肃省	4	0	0.0155	
Aug-13	贵州省	6	0	0.0172	
Sep-05	江西省	9	0	0.021	
Jul-14	湖南省	6	0	0.009	
Nov-07	全国	137	0	0.0104	
Feb-10	安徽省	1	0	0.0016	
Sep-07	甘肃省	10	0	0.0384	
Mar-06	广东省	6	0	0.0065	
Feb-13	新疆	28	0	0.1254	
May-08	宁夏	2	0	0.0328	
Jul-13	北京市	2	0	0.0097	
Dec-08	甘肃省	2	0	0.0076	
Jun-04	福建省	7	0	0.0195	
Mar-13	湖北省	2	0	0.0035	
Oct-14	黑龙江省	5	0	0.013	
Mar-07	山东省	19	0	0.0204	
Oct-12	宁夏	1	0	0.0156	
May-11	河南省	9	0	0.0096	
Jun-08	福建省	7	0	0.0195	
Oct-05	贵州省	11	0	0.0297	
Aug-05	新疆	28	0	0.1409	
Mar-08	全国	254	0	0.0192	
Sep-05	甘肃省	6	0	0.0233	
Jun-05	广西	3	0	0.0065	
Jun-10	天津市	17	0	0.1384	
Mar-15	贵州省	7	0	0.02	
Nov-06	湖南省	4	0	0.0063	
Nov-07	江西省	2	0	0.0046	
Oct-04	湖南省	4	0	0.006	
Dec-14	黑龙江省	8	0	0.0209	
May-08	新疆	58	0	0.2768	
Feb-06	重庆市	5	0	0.0179	
Nov-04	云南省	7	0	0.0161	
Nov-07	山西省	3	0	0.0089	
Jan-06	山东省	1	0	0.0011	
Oct-13	黑龙江省	3	0	0.0078	
May-15	福建省	2	0	0.0053	
Jun-08	浙江省	11	0	0.0217	
Jun-05	宁夏	5	0	0.0848	
Apr-10	浙江省	4	0	0.0077	
Apr-09	吉林省	1	0	0.0037	
Apr-14	河北省	16	0	0.0218	
Jul-14	山西省	7	0	0.0193	
May-07	江西省	8	0	0.0184	
Jul-13	广东省	6	0	0.0057	
Jul-06	陕西省	9	0	0.0242	
Sep-15	湖南省	7	0	0.0104	
Feb-05	河南省	6	0	0.0064	
Dec-14	北京市	6	0	0.0284	
Nov-12	湖北省	1	0	0.0017	
Dec-10	四川省	15	0	0.0183	
Feb-11	河南省	6	0	0.0064	
Sep-08	新疆	5	0	0.0239	
Jul-13	云南省	4	0	0.0086	
Mar-09	云南省	5	0	0.011	
Dec-10	山东省	9	0	0.0095	
Dec-14	江苏省	1	0	0.0013	
Apr-07	湖北省	8	0	0.0141	
Dec-15	重庆市	25	0	0.0836	
Jan-11	湖南省	2	0	0.003	
Mar-09	重庆市	1	0	0.0035	
May-05	西藏	1	0	0.0365	
Jul-09	山东省	27	0	0.0287	
Apr-07	吉林省	1	0	0.0037	
Feb-06	宁夏	2	0	0.0336	
Mar-05	安徽省	13	0	0.0214	
Mar-13	山东省	6	0	0.0062	
Jun-06	河南省	13	0	0.0139	
Jan-10	甘肃省	3	0	0.0114	
Jan-15	山西省	9	0	0.0247	
Nov-10	河南省	4	0	0.0042	
Dec-10	湖北省	1	0	0.0017	
Feb-04	陕西省	21	0	0.0574	
Aug-04	青海省	4	0	0.0741	
Jun-05	新疆	20	0	0.1006	
Oct-15	山西省	6	0	0.0164	
Jan-10	江苏省	3	0	0.0039	
Feb-09	天津市	1	0	0.0085	
Sep-07	江苏省	2	0	0.0026	
Nov-08	浙江省	2	0	0.004	
Oct-12	云南省	6	0	0.013	
May-14	湖南省	4	0	0.006	
Apr-08	山东省	15	0	0.016	
May-12	四川省	31	0	0.0385	
May-15	甘肃省	6	0	0.0232	
Oct-09	吉林省	1	0	0.0037	
Oct-06	甘肃省	4	0	0.0154	
Jun-12	河北省	11	0	0.0152	
Oct-12	山西省	4	0	0.0111	
Oct-12	广东省	4	0	0.0038	
Feb-07	北京市	0	0		
Jul-08	河北省	21	0	0.0302	
Feb-05	安徽省	3	0	0.0049	
Jan-05	重庆市	3	0	0.0108	
Jan-14	北京市	1	0	0.0047	
Oct-06	全国	118	1	0.009	0.0001
May-04	辽宁省	2	0	0.0048	
Dec-08	安徽省	2	0	0.0033	
Feb-09	吉林省	1	0	0.0037	
Jun-05	贵州省	16	0	0.0432	
Mar-06	山东省	6	0	0.0065	
Dec-10	辽宁省	1	0	0.0023	
Jun-06	内蒙古	3	0	0.0126	
Mar-07	江西省	5	0	0.0115	
Oct-08	重庆市	1	0	0.0036	
Mar-08	黑龙江省	1	0	0.0026	
Aug-06	江西省	9	0	0.0209	
Jul-05	天津市	16	0	0.1536	
Sep-04	重庆市	3	0	0.0096	
Jan-09	河北省	4	0	0.0057	
Oct-07	江西省	2	0	0.0046	
Dec-10	甘肃省	5	0	0.019	
Dec-07	浙江省	1	0	0.002	
May-04	全国	711	1	0.0547	0.0001
Oct-11	浙江省	3	0	0.0055	
Jun-05	内蒙古	2	0	0.0084	
Apr-04	甘肃省	19	0	0.0727	
Jul-08	江苏省	6	0	0.0079	
Oct-07	云南省	3	0	0.0067	
Oct-14	天津市	18	0	0.1223	
Nov-09	江苏省	1	0	0.0013	
Jan-05	四川省	29	0	0.0354	
Feb-07	广西	3	0	0.0064	
Jul-14	安徽省	12	0	0.0199	
Jan-13	重庆市	3	0	0.0102	
Aug-04	宁夏	2	0	0.0342	
Jun-07	吉林省	3	0	0.011	
Sep-12	北京市	1	0	0.005	
Jul-04	吉林省	2	0	0.0075	
Oct-05	河南省	14	0	0.015	
Mar-04	湖南省	5	0	0.0075	
Jan-06	贵州省	7	0	0.0188	
Dec-10	陕西省	1	0	0.0027	
Feb-10	贵州省	4	0	0.0105	
Sep-04	江西省	13	0	0.0303	
Feb-09	江西省	3	0	0.0068	
Apr-09	山西省	3	0	0.0088	
Jan-12	河南省	10	0	0.0107	
Dec-09	江苏省	2	0	0.0026	
Mar-15	四川省	32	0	0.0393	
Dec-05	宁夏	2	0	0.0339	
Jan-06	四川省	16	0	0.0195	
Aug-05	重庆市	9	0	0.0323	
Jul-06	黑龙江省	6	0	0.0157	
Sep-04	天津市	1	0	0.0108	
Dec-11	黑龙江省	1	0	0.0026	
Jan-13	建设兵团	3	0	0.1133	
Sep-13	黑龙江省	5	0	0.013	
Sep-08	广西	3	0	0.0063	
Jul-04	甘肃省	21	0	0.0803	
Oct-14	甘肃省	6	0	0.0232	
Mar-11	天津市	10	0	0.0773	
Apr-05	吉林省	1	0	0.0037	
Oct-05	四川省	19	0	0.0232	
Aug-10	广东省	2	0	0.0021	
Jun-13	新疆	16	0	0.0717	
Aug-12	山西省	7	0	0.0195	
Aug-15	广西	2	0	0.0042	
Apr-06	北京市	1	0	0.0065	
Mar-05	黑龙江省	2	0	0.0052	
Aug-04	云南省	10	0	0.023	
Nov-05	贵州省	9	0	0.0243	
May-06	宁夏	1	0	0.0168	
Jul-15	重庆市	57	0	0.1905	
Oct-11	陕西省	3	0	0.008	
Feb-11	广东省	5	0	0.0048	
Feb-15	湖南省	3	0	0.0045	
May-06	全国	369	0	0.0282	
Apr-15	福建省	2	0	0.0053	
Jun-07	黑龙江省	4	0	0.0105	
Sep-06	浙江省	4	0	0.0082	
Feb-08	山东省	10	0	0.0107	
Mar-09	北京市	2	0	0.0118	
Jan-08	广东省	2	0	0.0021	
Jun-08	河南省	7	0	0.0075	
Dec-05	陕西省	5	0	0.0135	
Dec-13	山西省	1	0	0.0028	
Jul-12	湖南省	4	0	0.0061	
May-12	山西省	6	0	0.0167	
Apr-05	河北省	87	0	0.1278	
Sep-06	云南省	2	0	0.0045	
Apr-06	浙江省	10	0	0.0204	
May-10	陕西省	4	0	0.0106	
Nov-05	吉林省	1	0	0.0037	
Nov-15	内蒙古	1	0	0.004	
Jan-05	新疆	23	0	0.1157	
Feb-12	河南省	3	0	0.0032	
Mar-14	陕西省	7	0	0.0186	
Feb-07	湖北省	3	0	0.0053	
Jan-15	四川省	17	0	0.0209	
Feb-07	甘肃省	12	0	0.046	
Jun-14	山东省	143	0	0.1469	
Mar-06	山西省	6	0	0.0179	
Jul-13	新疆	36	0	0.1612	
Apr-11	山西省	6	0	0.0168	
Jul-08	陕西省	7	0	0.0187	
Aug-11	广西	2	0	0.0043	
May-13	贵州省	2	0	0.0057	
May-14	山西省	8	0	0.022	
Jul-11	重庆市	3	0	0.0104	
Jul-09	四川省	39	0	0.0477	
Sep-15	广东省	48	0	0.0448	
May-05	湖北省	17	0	0.0299	
Jul-11	山东省	27	0	0.0282	
Mar-13	浙江省	6	0	0.011	
Jul-11	全国	340	0	0.0254	
Aug-07	青海省	3	0	0.0547	
Apr-09	河北省	25	0	0.0358	
Jun-08	天津市	4	0	0.0359	
Dec-05	广西	3	0	0.0065	
Apr-12	湖北省	8	0	0.0139	
Sep-12	陕西省	2	0	0.0053	
Dec-09	新疆	11	0	0.0516	
Aug-08	四川省	189	0	0.2326	
May-04	陕西省	67	0	0.1832	
Nov-06	天津市	1	0	0.0096	
Apr-11	云南省	5	0	0.0109	
Feb-14	四川省	9	0	0.0111	
Nov-10	安徽省	2	0	0.0033	
Apr-07	广西	1	0	0.0021	
Apr-13	重庆市	5	0	0.017	
Feb-09	浙江省	6	0	0.0117	
Jul-11	安徽省	17	0	0.0286	
Jan-06	江苏省	1	0	0.0013	
Aug-09	广东省	2	0	0.0021	
Jul-07	贵州省	12	0	0.0319	
May-04	浙江省	16	0	0.034	
Jun-04	河南省	47	0	0.0485	
Feb-06	广东省	6	0	0.0065	
Jan-14	全国	116	0	0.0086	
Sep-07	云南省	2	0	0.0045	
Nov-05	广西	5	0	0.0108	
Oct-05	西藏	1	0	0.0365	
Jul-04	湖南省	18	0	0.0269	
Jun-10	湖南省	3	0	0.0047	
Sep-11	全国	156	0	0.0116	
Aug-12	福建省	1	0	0.0027	
May-09	北京市	0	0		
Mar-12	四川省	27	0	0.0335	
Dec-09	甘肃省	3	0	0.0114	
Mar-08	四川省	42	0	0.0517	
Nov-11	山东省	13	0	0.0136	
Nov-08	安徽省	1	0	0.0016	
Oct-04	山东省	8	0	0.0087	
Jul-14	北京市	8	0	0.0378	
Jul-08	湖北省	12	0	0.0211	
Apr-07	甘肃省	14	0	0.0537	
Dec-12	广东省	8	0	0.0076	
Dec-10	贵州省	1	0	0.0026	
Nov-07	天津市	1	0	0.0093	
Aug-04	江苏省	10	0	0.0132	
Mar-06	全国	207	0	0.0158	
May-12	陕西省	20	0	0.0534	
Apr-08	安徽省	17	0	0.0278	
Mar-07	天津市	2	0	0.0186	
Sep-10	山东省	23	0	0.0243	
May-06	山西省	12	0	0.0358	
Sep-15	陕西省	75	0	0.1987	
Jul-15	陕西省	122	0	0.3232	
Jul-10	贵州省	3	0	0.0079	
Nov-09	河北省	9	0	0.0129	
Feb-14	吉林省	1	0	0.0036	
May-04	黑龙江省	6	0	0.016	
Jun-12	河南省	8	0	0.0085	
Jul-12	湖北省	2	0	0.0035	
Feb-12	浙江省	11	0	0.0201	
Apr-13	吉林省	1	0	0.0036	
May-15	建设兵团	1	0	0.0366	
Jan-05	全国	170	1	0.0131	0.0001
Apr-06	黑龙江省	2	0	0.0052	
Feb-11	浙江省	4	0	0.0073	
May-09	陕西省	4	0	0.0106	
Aug-14	新疆	20	0	0.0883	
Feb-14	青海省	1	0	0.0173	
Jan-04	新疆	41	0	0.2204	
Nov-07	湖北省	2	0	0.0035	
Mar-08	重庆市	6	0	0.0213	
Mar-13	山西省	2	0	0.0055	
Feb-06	海南省	1	0	0.0121	
Mar-06	湖北省	2	0	0.0035	
May-12	重庆市	2	0	0.0069	
Jun-07	河南省	31	0	0.033	
Jul-12	河南省	16	0	0.017	
Jan-08	江苏省	2	0	0.0026	
Jun-09	湖南省	11	0	0.0172	
Aug-08	天津市	4	0	0.0359	
Dec-13	湖南省	2	0	0.003	
Nov-07	河南省	9	0	0.0096	
Sep-12	广东省	2	0	0.0019	
Mar-10	内蒙古	1	0	0.0041	
Feb-14	山东省	30	0	0.0308	
Jul-15	湖北省	18	0	0.0309	
Jul-08	湖南省	5	0	0.0079	
Dec-15	浙江省	4	0	0.0073	
Feb-12	天津市	4	0	0.0295	
Dec-12	黑龙江省	1	0	0.0026	
Jun-12	广东省	9	0	0.0086	
Sep-13	江西省	1	0	0.0022	
Sep-09	陕西省	1	0	0.0027	
Jun-14	四川省	15	0	0.0185	
Jul-09	重庆市	4	0	0.0141	
Jan-08	河北省	7	0	0.0101	
Jun-05	浙江省	24	0	0.0492	
Jul-06	山西省	11	0	0.0328	
Jan-06	重庆市	4	0	0.0143	
Aug-11	河北省	12	0	0.0167	
Nov-06	浙江省	1	0	0.002	
Jul-13	四川省	25	0	0.031	
Feb-07	山东省	11	0	0.0118	
Oct-08	山西省	1	0	0.0029	
Apr-15	辽宁省	1	0	0.0023	
Oct-04	江苏省	3	0	0.004	
Dec-15	贵州省	4	1	0.0114	0.0029
Apr-07	福建省	4	0	0.0112	
Nov-14	浙江省	4	0	0.0073	
May-15	广东省	94	0	0.0877	
Oct-05	湖南省	4	0	0.0064	
Jun-07	内蒙古	1	0	0.0042	
Mar-14	云南省	6	0	0.0128	
Jun-08	江苏省	6	0	0.0079	
Oct-07	黑龙江省	1	0	0.0026	
Nov-12	新疆	33	0	0.1494	
Sep-04	山西省	8	0	0.0241	
Oct-13	辽宁省	1	0	0.0023	
Feb-15	北京市	4	0	0.0186	
Dec-09	云南省	3	0	0.0066	
Oct-07	福建省	1	0	0.0028	
Jan-15	全国	325	0	0.0239	
Feb-12	甘肃省	6	0	0.0234	
Jan-08	四川省	29	0	0.0357	
Sep-11	陕西省	2	0	0.0054	
Apr-15	全国	499	0	0.0366	
Nov-15	天津市	21	0	0.1384	
Jul-05	山西省	10	0	0.03	
Dec-14	湖北省	3	0	0.0052	
Jan-11	江苏省	5	0	0.0064	
Mar-06	重庆市	3	0	0.0107	
Jun-05	江苏省	14	0	0.0188	
Aug-10	四川省	19	0	0.0232	
May-05	黑龙江省	7	0	0.0184	
Sep-04	四川省	47	0	0.0539	
Aug-13	新疆	33	0	0.1478	
Jun-13	北京市	1	0	0.0048	
Nov-05	安徽省	2	0	0.0033	
Dec-09	陕西省	1	0	0.0027	
Dec-14	广西	1	0	0.0021	
Sep-05	安徽省	6	0	0.0099	
May-08	内蒙古	1	0	0.0042	
Aug-09	辽宁省	2	0	0.0046	
Jul-07	湖北省	11	0	0.0193	
Mar-14	天津市	3	0	0.0204	
Apr-11	辽宁省	1	0	0.0023	
Jun-15	黑龙江省	1	0	0.0026	
Sep-05	新疆	14	0	0.0704	
Oct-08	甘肃省	5	0	0.0191	
Jul-04	海南省	3	0	0.0368	
Mar-11	江西省	4	0	0.009	
Nov-10	重庆市	1	0	0.0035	
Jul-07	广东省	10	0	0.0107	
Jul-10	山东省	30	0	0.0317	
Dec-15	陕西省	20	0	0.053	
Aug-11	新疆	78	0	0.3575	
Feb-13	重庆市	5	0	0.017	
Apr-05	河南省	14	0	0.015	
Mar-11	云南省	5	0	0.0109	
Aug-05	吉林省	6	0	0.0221	
May-07	四川省	44	0	0.0539	
Feb-04	河北省	16	0	0.0235	
Mar-07	陕西省	5	0	0.0134	
Aug-12	河北省	12	0	0.0166	
Apr-15	江西省	1	0	0.0022	
Jul-05	重庆市	13	0	0.0466	
Nov-10	天津市	7	0	0.057	
Feb-13	陕西省	2	0	0.0053	
Jun-05	青海省	4	0	0.0744	
Apr-10	云南省	2	0	0.0044	
May-09	重庆市	2	0	0.007	
Oct-11	新疆	51	1	0.2338	0.0046
Jan-12	河北省	18	0	0.0249	
Sep-09	内蒙古	1	0	0.0041	
May-15	湖南省	2	0	0.003	
Aug-08	新疆	16	0	0.0764	
Apr-13	甘肃省	3	0	0.0116	
Apr-05	浙江省	8	0	0.0164	
Jun-11	湖南省	4	0	0.0061	
Aug-12	上海市	1	0	0.0043	
Jun-11	河北省	26	0	0.0362	
Nov-08	湖南省	5	0	0.0079	
Nov-05	重庆市	1	0	0.0036	
Jan-07	湖南省	11	0	0.0173	
Sep-09	全国	80	0	0.006	
Apr-09	湖南省	3	0	0.0047	
Apr-12	浙江省	18	0	0.0329	
Oct-05	广西	5	0	0.0108	
Aug-13	江西省	1	0	0.0022	
May-11	四川省	54	0	0.0671	
Jul-11	西藏	1	0	0.0333	
Nov-04	广西	2	0	0.0041	
Aug-07	安徽省	6	0	0.0098	
Dec-13	天津市	7	0	0.0495	
Aug-14	宁夏	1	0	0.0153	
Feb-05	广西	3	0	0.0065	
Dec-05	全国	64	0	0.0049	
Jul-15	宁夏	1	0	0.0151	
Apr-09	重庆市	1	0	0.0035	
Dec-07	山东省	1	0	0.0011	
Jul-13	辽宁省	3	0	0.0068	
Mar-14	黑龙江省	1	0	0.0026	
Jul-11	湖北省	8	0	0.014	
Oct-07	青海省	1	0	0.0182	
Dec-12	河北省	8	0	0.011	
Feb-12	贵州省	9	0	0.0259	
Nov-06	广东省	4	0	0.0044	
Jun-11	天津市	8	0	0.0618	
Sep-11	重庆市	1	0	0.0035	
Mar-04	山东省	20	0	0.0218	
Apr-06	新疆	16	0	0.0796	
Mar-05	全国	358	0	0.0275	
Aug-10	陕西省	13	0	0.0345	
Aug-12	陕西省	5	0	0.0134	
Jun-10	湖北省	3	0	0.0052	
Sep-09	福建省	2	0	0.0055	
May-13	浙江省	8	0	0.0146	
May-09	福建省	3	0	0.0083	
Nov-07	安徽省	5	0	0.0082	
Jul-10	四川省	26	0	0.0318	
Aug-15	甘肃省	14	0	0.054	
Sep-08	山西省	2	0	0.0059	
Aug-15	浙江省	25	0	0.0454	
Nov-05	四川省	18	0	0.022	
Jun-15	天津市	33	0	0.2176	
Jul-05	江西省	22	0	0.0514	
Jun-07	北京市	3	0	0.019	
Mar-13	甘肃省	4	0	0.0155	
Mar-05	新疆	11	0	0.0553	
Aug-08	广西	4	0	0.0084	
Apr-08	宁夏	1	0	0.0164	
May-15	山东省	140	0	0.143	
May-04	青海省	4	1	0.0741	0.0185
Nov-15	青海省	1	0	0.0171	
Apr-09	浙江省	5	0	0.0098	
Jul-10	天津市	23	0	0.1873	
Aug-09	湖南省	9	0	0.0141	
Oct-09	四川省	7	0	0.0086	
Oct-14	云南省	1	0	0.0021	
Mar-15	山东省	82	0	0.0838	
Aug-06	全国	313	0	0.0239	
Jan-10	浙江省	3	0	0.0058	
Feb-13	江苏省	1	0	0.0013	
Mar-15	浙江省	22	0	0.0399	
Jun-09	全国	222	0	0.0167	
Apr-12	河南省	5	0	0.0053	
Jul-15	黑龙江省	14	0	0.0365	
Apr-06	湖南省	16	0	0.0253	
Aug-12	浙江省	6	0	0.011	
Mar-08	甘肃省	15	0	0.0573	
Dec-04	广东省	1	0	0.0013	
Dec-12	贵州省	2	0	0.0058	
Nov-08	云南省	2	0	0.0044	
Mar-12	河北省	12	0	0.0166	
Oct-04	甘肃省	9	0	0.0344	
Jan-05	江西省	2	0	0.0047	
Nov-11	陕西省	2	0	0.0054	
Oct-09	河北省	20	0	0.0286	
Nov-09	全国	48	0	0.0036	
Jun-13	福建省	1	0	0.0027	
Jan-11	河南省	2	0	0.0021	
Feb-10	浙江省	5	0	0.0097	
Nov-04	青海省	2	0	0.0371	
Jul-08	黑龙江省	2	0	0.0052	
Aug-04	广西	6	0	0.0124	
Sep-15	贵州省	1	0	0.0029	
Oct-15	江西省	2	0	0.0044	
Nov-05	天津市	4	0	0.0384	
May-12	贵州省	5	0	0.0144	
Aug-05	广东省	7	0	0.0077	
Aug-05	甘肃省	15	0	0.0582	
Nov-05	宁夏	1	0	0.017	
Jan-07	安徽省	14	0	0.0229	
Oct-06	内蒙古	1	0	0.0042	
Aug-15	内蒙古	3	0	0.012	
Oct-04	青海省	1	0	0.0185	
Jul-10	宁夏	4	0	0.064	
Nov-09	广西	1	0	0.0021	
Aug-12	云南省	7	0	0.0151	
Jul-05	云南省	25	0	0.0566	
May-13	广东省	6	0	0.0057	
May-13	陕西省	6	0	0.016	
Dec-11	广东省	12	0	0.0115	
Jan-08	全国	144	0	0.0109	
Dec-13	云南省	1	0	0.0021	
Mar-15	安徽省	3	0	0.0049	
Jul-14	贵州省	8	0	0.0228	
Dec-13	四川省	16	0	0.0198	
Dec-06	天津市	3	0	0.0288	
Jun-10	山东省	32	0	0.0338	
Sep-05	青海省	1	0	0.0186	
Mar-05	江西省	9	0	0.021	
Apr-05	江西省	7	0	0.0164	
Aug-10	浙江省	2	0	0.0039	
May-13	山东省	12	0	0.0124	
Feb-09	贵州省	8	0	0.0211	
Oct-07	河北省	14	0	0.0203	
Jun-15	全国	724	0	0.0531	
May-11	山东省	30	0	0.0313	
Jun-09	江苏省	7	0	0.0091	
Apr-09	江西省	2	0	0.0045	
Jun-15	吉林省	1	0	0.0036	
May-08	广东省	4	0	0.0042	
Dec-09	贵州省	3	0	0.0079	
Nov-09	福建省	1	0	0.0028	
Jul-13	山西省	5	0	0.0138	
Apr-08	北京市	1	0	0.0061	
Aug-12	江苏省	7	0	0.0089	
Aug-10	安徽省	2	0	0.0033	
Aug-04	湖南省	11	0	0.0165	
Oct-11	湖北省	1	0	0.0017	
Feb-11	湖南省	10	0	0.0152	
Jul-15	云南省	4	0	0.0085	
Jul-09	河南省	2	0	0.0021	
Feb-15	山东省	76	0	0.0776	
Apr-15	上海市	2	0	0.0082	
Sep-12	湖南省	4	0	0.0061	
Dec-08	河南省	3	0	0.0032	
Dec-12	天津市	4	0	0.0295	
Oct-04	内蒙古	2	0	0.0084	
Mar-07	全国	260	0	0.0198	
Feb-10	河北省	12	0	0.0171	
Jan-11	云南省	2	0	0.0044	
May-07	陕西省	2	0	0.0054	
Jun-09	新疆	7	0	0.0329	
Feb-06	内蒙古	1	0	0.0042	
Mar-14	河南省	5	0	0.0053	
Jul-05	甘肃省	17	0	0.0659	
Sep-11	天津市	2	0	0.0155	
Dec-05	四川省	6	0	0.0073	
Sep-06	福建省	1	0	0.0028	
Jul-12	广西	1	0	0.0022	
Aug-10	黑龙江省	10	0	0.0261	
Sep-15	北京市	15	0	0.0697	
Apr-08	浙江省	17	0	0.0336	
Jun-05	重庆市	10	0	0.0358	
Oct-13	陕西省	7	0	0.0187	
Jul-13	湖北省	2	0	0.0035	
Aug-05	云南省	23	0	0.0521	
Dec-11	湖北省	1	0	0.0017	
Dec-04	福建省	3	0	0.0083	
Apr-12	安徽省	6	0	0.0101	
Jun-11	福建省	1	0	0.0027	
Feb-11	云南省	3	0	0.0065	
Oct-13	浙江省	4	0	0.0073	
May-07	吉林省	5	0	0.0184	
Apr-13	陕西省	4	0	0.0107	
May-09	广东省	3	0	0.0031	
May-11	湖南省	12	0	0.0183	
Dec-05	吉林省	1	0	0.0037	
Dec-06	陕西省	2	0	0.0054	
Jul-10	山西省	10	0	0.0292	
Jan-09	江苏省	1	0	0.0013	
Jul-14	河北省	45	0	0.0614	
Dec-08	广东省	2	0	0.0021	
Oct-04	辽宁省	2	0	0.0048	
Apr-06	甘肃省	10	0	0.0386	
Feb-11	甘肃省	6	0	0.0235	
Jul-05	江苏省	10	0	0.0134	
Feb-04	全国	310	2	0.0238	0.0002
Sep-06	四川省	29	0	0.0353	
May-05	宁夏	3	0	0.0509	
Aug-09	河南省	3	0	0.0032	
Mar-04	江西省	12	0	0.028	
Oct-06	北京市	1	0	0.0065	
Jun-14	黑龙江省	6	0	0.0156	
May-10	黑龙江省	8	0	0.0209	
Jan-09	重庆市	1	0	0.0035	
Jun-07	陕西省	6	0	0.0161	
Nov-09	新疆	10	0	0.0469	
Mar-04	安徽省	9	0	0.014	
Mar-07	浙江省	7	0	0.0141	
Jan-06	福建省	5	0	0.0141	
Oct-08	贵州省	4	0	0.0106	
Apr-08	江苏省	11	0	0.0144	
Sep-05	湖北省	6	0	0.0105	
Dec-15	广东省	28	0	0.0261	
Mar-05	河北省	57	0	0.0837	
Dec-14	全国	230	0	0.017	
Mar-06	浙江省	8	0	0.0163	
Nov-11	全国	138	0	0.0103	
May-09	浙江省	8	0	0.0156	
Jun-14	重庆市	17	0	0.0572	
Apr-10	贵州省	2	0	0.0053	
Dec-13	江苏省	1	0	0.0013	
Nov-09	贵州省	4	0	0.0106	
Jul-08	山东省	17	0	0.0181	
Apr-05	内蒙古	3	0	0.0126	
Mar-12	山西省	5	0	0.0139	
Apr-15	浙江省	21	0	0.0381	
Jan-12	湖南省	4	0	0.0061	
Sep-15	江苏省	1	0	0.0013	
Mar-11	新疆	19	0	0.0871	
Oct-10	青海省	1	0	0.0179	
Feb-05	山东省	9	1	0.0098	0.0011
Nov-14	北京市	6	1	0.0284	0.0047
Jun-07	上海市	1	0	0.0055	
Aug-09	广西	1	0	0.0021	
Aug-09	安徽省	8	0	0.013	
Oct-12	新疆	25	0	0.1132	
Jul-13	内蒙古	2	0	0.008	
Jan-04	全国	219	0	0.0168	
Dec-15	北京市	2	0	0.0093	
Jun-08	青海省	3	0	0.0543	
Apr-09	贵州省	4	0	0.0106	
Aug-09	福建省	4	0	0.011	
Aug-09	湖北省	2	0	0.0035	
Mar-14	湖南省	6	0	0.009	
Apr-04	吉林省	1	0	0.0038	
Apr-04	福建省	13	0	0.0362	
Mar-06	安徽省	9	0	0.0147	
Feb-08	甘肃省	16	0	0.0611	
Jun-04	山东省	33	0	0.036	
Nov-08	天津市	1	0	0.009	
Jan-15	黑龙江省	1	0	0.0026	
May-06	广东省	8	0	0.0087	
Sep-06	新疆	11	0	0.0547	
Jun-05	河北省	68	0	0.0999	
Oct-13	山东省	20	0	0.0207	
Jan-05	内蒙古	2	0	0.0084	
Oct-15	甘肃省	3	0	0.0116	
Mar-06	湖南省	8	0	0.0126	
Feb-15	内蒙古	1	0	0.004	
Dec-10	天津市	3	0	0.0244	
Feb-04	广东省	1	0	0.0013	
Jun-12	湖南省	1	0	0.0015	
Apr-09	全国	132	0	0.0099	
Mar-13	陕西省	3	0	0.008	
Nov-13	山西省	3	0	0.0083	
Feb-12	广东省	18	0	0.0171	
Apr-15	内蒙古	1	0	0.004	
Sep-04	福建省	2	0	0.0056	
Jun-10	重庆市	3	0	0.0105	
Dec-08	湖南省	3	0	0.0047	
Feb-05	重庆市	3	0	0.0108	
May-08	青海省	2	0	0.0362	
Oct-09	山东省	8	0	0.0085	
Jul-12	福建省	1	0	0.0027	
Jan-10	黑龙江省	1	0	0.0026	
Sep-10	浙江省	1	0	0.0019	
Mar-04	浙江省	5	0	0.0106	
Aug-04	陕西省	71	0	0.1941	
Feb-13	河南省	1	0	0.0011	
Oct-09	广东省	2	0	0.0021	
Feb-08	全国	176	0	0.0133	
Jun-06	贵州省	4	0	0.0107	
Mar-13	北京市	1	0	0.0048	
Dec-11	陕西省	5	0	0.0134	
Sep-12	全国	103	0	0.0076	
Dec-14	安徽省	1	0	0.0017	
Jun-04	安徽省	21	0	0.0326	
Jun-08	贵州省	11	0	0.0292	
Jul-14	天津市	45	0	0.3057	
Dec-07	安徽省	1	0	0.0016	
Feb-09	四川省	32	0	0.0391	
Jun-15	河南省	37	0	0.0392	
Jul-07	重庆市	2	0	0.0071	
Dec-05	山东省	3	0	0.0033	
Oct-13	山西省	1	0	0.0028	
Dec-14	建设兵团	2	0	0.074	
Jun-15	湖南省	11	0	0.0163	
May-09	云南省	6	0	0.0132	
Mar-05	云南省	6	0	0.0136	
Sep-06	安徽省	8	0	0.0131	
Apr-15	新疆	58	0	0.2523	
Jul-14	广西	1	0	0.0021	
Dec-15	内蒙古	1	0	0.004	
Jan-04	浙江省	1	0	0.0021	
Jan-12	四川省	50	0	0.0621	
May-07	山西省	22	0	0.0652	
May-06	陕西省	19	0	0.0511	
Sep-14	河北省	41	0	0.0559	
Feb-14	江西省	1	0	0.0022	
Feb-09	内蒙古	1	0	0.0041	
Jun-10	甘肃省	8	0	0.0304	
Mar-13	河北省	17	0	0.0233	
Dec-13	湖北省	1	0	0.0017	
Nov-04	甘肃省	8	0	0.0306	
Apr-14	黑龙江省	1	0	0.0026	
Apr-14	山东省	42	0	0.0432	
Dec-10	广东省	2	0	0.0021	
Jul-05	全国	647	0	0.0498	
May-14	甘肃省	4	0	0.0155	
Aug-11	甘肃省	6	0	0.0235	
Oct-04	广西	4	0	0.0082	
Feb-04	河南省	18	0	0.0186	
Jan-04	山东省	9	0	0.0098	
Feb-05	江苏省	6	0	0.008	
Apr-15	重庆市	39	0	0.1304	
Sep-15	河南省	13	0	0.0138	
Jul-07	安徽省	17	0	0.0278	
Aug-10	山东省	36	0	0.038	
Mar-08	贵州省	2	0	0.0053	
Jul-04	广东省	5	0	0.0063	
Jan-15	天津市	35	0	0.2307	
Dec-13	全国	105	0	0.0078	
May-09	河南省	3	0	0.0032	
Aug-13	甘肃省	11	0	0.0427	
Nov-07	新疆	59	0	0.2878	
Aug-09	云南省	5	0	0.011	
Nov-10	河北省	13	0	0.0185	
Jul-04	青海省	2	0	0.0371	
Jul-09	新疆	8	0	0.0375	
Jun-08	山西省	13	0	0.0383	
Nov-14	江西省	2	0	0.0044	
Feb-05	湖北省	4	0	0.007	
Feb-13	浙江省	2	0	0.0037	
Nov-12	四川省	12	0	0.0149	
Dec-05	贵州省	3	0	0.0081	
Mar-10	吉林省	1	0	0.0037	
Jun-15	安徽省	3	0	0.0049	
Oct-05	全国	164	0	0.0126	
Jan-11	河北省	9	0	0.0125	
Oct-14	山西省	3	0	0.0083	
Apr-06	青海省	3	0	0.0552	
Sep-09	安徽省	7	0	0.0114	
Oct-14	江苏省	4	0	0.005	
Sep-08	四川省	28	0	0.0345	
Feb-11	重庆市	2	0	0.0069	
Aug-13	建设兵团	1	0	0.0378	
Apr-15	河南省	12	0	0.0127	
Aug-10	天津市	30	0	0.2443	
Jan-15	陕西省	17	0	0.045	
Mar-04	重庆市	8	0	0.0256	
Jun-06	四川省	65	0	0.0792	
May-15	新疆	82	0	0.3568	
Sep-05	福建省	2	0	0.0057	
Apr-15	陕西省	55	0	0.1457	
May-06	黑龙江省	6	0	0.0157	
Aug-11	全国	295	0	0.022	
Oct-13	广东省	5	0	0.0047	
May-06	河南省	18	0	0.0192	
Mar-10	江苏省	4	0	0.0052	
Apr-09	云南省	7	0	0.0154	
Feb-10	山东省	6	0	0.0063	
Jun-07	新疆	63	0	0.3073	
Dec-11	湖南省	2	0	0.003	
Jun-13	江苏省	5	0	0.0063	
Oct-09	江苏省	1	0	0.0013	
Jul-08	浙江省	19	0	0.0375	
Jan-10	四川省	26	0	0.0318	
Nov-05	江西省	6	0	0.014	
Jan-13	四川省	22	0	0.0272	
Apr-04	浙江省	7	0	0.0149	
Mar-06	福建省	10	0	0.0283	
Sep-15	湖北省	6	0	0.0103	
May-14	天津市	15	0	0.1019	
Apr-12	山西省	5	0	0.0139	
Jan-05	陕西省	10	0	0.027	
Oct-10	陕西省	6	0	0.0159	
Dec-11	浙江省	3	0	0.0055	
May-09	贵州省	6	0	0.0158	
Jul-11	内蒙古	1	0	0.004	
Nov-04	西藏	1	0	0.0383	
May-08	重庆市	4	0	0.0142	
Sep-07	黑龙江省	1	0	0.0026	
Aug-07	辽宁省	1	0	0.0023	
Mar-06	甘肃省	13	0	0.0501	
Jan-06	陕西省	6	0	0.0161	
Dec-14	湖南省	4	0	0.006	
Aug-04	福建省	5	0	0.0139	
Nov-07	贵州省	6	0	0.016	
Mar-15	广西	1	0	0.0021	
Feb-04	江西省	24	0	0.056	
Aug-14	江西省	1	0	0.0022	
Mar-15	山西省	4	0	0.011	
Sep-05	山东省	7	0	0.0076	
Apr-08	河北省	29	0	0.0418	
Feb-07	湖南省	15	0	0.0237	
Apr-06	广东省	6	0	0.0065	
Feb-08	云南省	5	0	0.0111	
Oct-04	福建省	2	0	0.0056	
Apr-10	新疆	12	0	0.0556	
Dec-07	全国	102	0	0.0078	
May-05	云南省	32	0	0.0725	
Oct-08	浙江省	2	0	0.004	
Mar-05	浙江省	11	0	0.0226	
Jun-07	云南省	9	0	0.0201	
Jul-15	河北省	53	0	0.0718	
Nov-13	吉林省	1	0	0.0036	
Mar-04	甘肃省	16	0	0.0612	
Feb-11	山西省	1	0	0.0028	
Jun-09	山西省	2	0	0.0059	
Jan-07	河北省	11	0	0.0159	
Apr-08	重庆市	4	0	0.0142	
Dec-09	辽宁省	1	0	0.0023	
Apr-10	山西省	5	0	0.0146	
Nov-11	天津市	6	0	0.0464	
Dec-05	浙江省	2	0	0.0041	
Nov-06	山西省	5	0	0.0149	
Oct-09	河南省	1	0	0.0011	
Jul-09	安徽省	20	0	0.0326	
Jun-05	云南省	19	0	0.043	
Dec-15	山西省	4	0	0.011	
Oct-14	陕西省	21	0	0.0558	
Aug-04	山东省	29	0	0.0316	
Sep-06	广东省	3	0	0.0033	
Sep-13	陕西省	5	0	0.0133	
Jul-13	天津市	31	0	0.2194	
Dec-11	新疆	80	0	0.3667	
Dec-11	山东省	11	0	0.0115	
Apr-06	河北省	36	0	0.0525	
Apr-12	建设兵团	1	0	0.0383	
Apr-11	陕西省	11	0	0.0295	
Sep-09	黑龙江省	3	0	0.0078	
Sep-04	河南省	13	0	0.0134	
Jun-15	四川省	26	0	0.0319	
Aug-09	新疆	11	0	0.0516	
Jun-11	江西省	1	0	0.0022	
Jan-09	广西	1	0	0.0021	
Jul-07	北京市	2	0	0.0127	
Jan-14	安徽省	2	0	0.0033	
May-11	全国	325	0	0.0242	
Sep-11	安徽省	9	0	0.0151	
Mar-09	山东省	5	0	0.0053	
Jan-13	湖南省	1	0	0.0015	
Oct-06	新疆	15	0	0.0746	
May-09	四川省	31	0	0.0379	
Aug-15	青海省	1	0	0.0171	
Feb-07	青海省	2	0	0.0365	
Apr-07	河南省	14	0	0.0149	
Jun-06	海南省	1	0	0.0121	
Sep-11	山东省	20	0	0.0209	
Aug-07	广东省	6	0	0.0064	
Oct-05	江西省	7	0	0.0164	
Feb-09	福建省	1	0	0.0028	
Dec-14	浙江省	7	0	0.0127	
Jan-12	贵州省	14	0	0.0404	
Dec-08	天津市	1	0	0.009	
Nov-05	河南省	15	0	0.0161	
Jul-07	江西省	6	0	0.0138	
Mar-07	广东省	4	0	0.0043	
Nov-14	贵州省	3	0	0.0086	
Jul-15	广东省	64	0	0.0597	
Sep-06	湖北省	6	0	0.0105	
Jan-11	甘肃省	2	0	0.0078	
Dec-11	建设兵团	2	0	0.0777	
Jan-11	青海省	1	0	0.0178	
May-10	四川省	9	0	0.011	
Sep-14	河南省	4	0	0.0042	
Apr-06	河南省	11	0	0.0117	
May-14	陕西省	9	0	0.0239	
Jul-15	贵州省	7	0	0.02	
Oct-04	海南省	1	0	0.0123	
Apr-08	云南省	4	0	0.0089	
Oct-14	内蒙古	2	0	0.008	
Aug-14	山东省	172	1	0.1767	0.001
May-14	河北省	35	0	0.0477	
May-15	四川省	28	0	0.0344	
Jan-13	安徽省	6	0	0.01	
Apr-10	福建省	1	0	0.0028	
Nov-04	重庆市	2	0	0.0064	
Dec-11	贵州省	5	0	0.0144	
Mar-10	安徽省	2	0	0.0033	
Jun-12	天津市	13	0	0.096	
Jan-05	广东省	5	1	0.0055	0.0011
Oct-13	重庆市	4	0	0.0136	
Sep-14	江西省	2	0	0.0044	
Sep-15	天津市	30	0	0.1978	
Feb-08	山西省	5	0	0.0147	
Apr-12	四川省	24	1	0.0298	0.0012
Jul-10	吉林省	3	0	0.011	
Jan-08	湖南省	4	0	0.0063	
Jan-12	江苏省	6	0	0.0076	
Jun-04	重庆市	15	0	0.0479	
Mar-06	陕西省	4	0	0.0108	
Apr-09	湖北省	3	0	0.0053	
Jun-13	山西省	8	0	0.0222	
Nov-07	广东省	4	0	0.0043	
Nov-04	广东省	2	0	0.0025	
Dec-11	河北省	4	0	0.0056	
Apr-11	浙江省	16	0	0.0294	
Feb-06	甘肃省	7	0	0.027	
Mar-14	江西省	2	0	0.0044	
Mar-14	福建省	1	0	0.0026	
Jul-12	黑龙江省	4	0	0.0104	
Jan-11	吉林省	3	0	0.0109	
Jun-07	江西省	7	0	0.0161	
Dec-13	黑龙江省	2	0	0.0052	
Oct-08	安徽省	1	0	0.0016	
Dec-14	广东省	15	0	0.0141	
Aug-06	山西省	8	0	0.0238	
Jan-11	辽宁省	1	0	0.0023	
Nov-12	福建省	1	0	0.0027	
Jul-15	山东省	179	0	0.1829	
Jul-13	福建省	1	0	0.0027	
Aug-04	内蒙古	1	0	0.0042	
Jun-05	安徽省	21	0	0.0345	
Sep-07	河北省	8	0	0.0116	
Jan-08	广西	2	0	0.0042	
Feb-04	云南省	11	0	0.0253	
Jul-14	新疆	11	0	0.0486	
Mar-14	吉林省	1	0	0.0036	
Oct-13	河南省	1	0	0.0011	
Feb-08	内蒙古	1	0	0.0042	
Sep-06	山东省	3	0	0.0032	
May-07	浙江省	6	0	0.012	
Apr-04	云南省	16	0	0.0367	
Jan-11	广东省	1	0	0.001	
Feb-05	甘肃省	15	0	0.0582	
Jan-12	云南省	8	0	0.0173	
Mar-08	陕西省	8	0	0.0213	
Feb-08	浙江省	2	0	0.004	
Jul-11	河南省	19	0	0.0202	
Aug-05	河南省	37	0	0.0397	
Apr-15	天津市	23	0	0.1516	
Apr-05	广西	3	0	0.0065	
Jul-05	四川省	53	0	0.0647	
Nov-11	重庆市	1	0	0.0035	
Jul-13	甘肃省	6	0	0.0233	
May-04	重庆市	15	0	0.0479	
Mar-11	湖南省	7	0	0.0107	
Jul-09	贵州省	14	0	0.037	
Oct-05	浙江省	1	0	0.0021	
Jul-14	山东省	168	0	0.1726	
Dec-10	湖南省	1	0	0.0016	
May-05	河北省	83	0	0.1219	
Dec-06	山东省	3	0	0.0032	
Apr-15	湖北省	23	0	0.0395	
Oct-15	四川省	20	0	0.0246	
Feb-09	全国	101	0	0.0076	
May-04	福建省	10	0	0.0278	
Apr-04	山西省	11	0	0.0332	
Jun-08	山东省	12	0	0.0128	
Jun-04	宁夏	4	0	0.0685	
May-06	云南省	17	0	0.0382	
Dec-08	全国	51	0	0.0039	
Sep-13	天津市	10	0	0.0708	
Apr-04	新疆	69	0	0.3709	
Jul-06	甘肃省	7	0	0.027	
Jun-07	福建省	4	0	0.0112	
Apr-04	广东省	3	0	0.0038	
Sep-10	黑龙江省	2	0	0.0052	
Jan-05	宁夏	1	0	0.017	
Sep-10	天津市	15	1	0.1221	0.0081
May-12	安徽省	11	0	0.0184	
Sep-07	山东省	10	0	0.0107	
May-07	宁夏	1	0	0.0166	
Dec-06	广西	1	0	0.0021	
Aug-06	河北省	31	0	0.0452	
Jan-11	天津市	6	0	0.0464	
Aug-15	建设兵团	0	0		
Dec-10	河南省	3	0	0.0032	
Mar-06	黑龙江省	1	0	0.0026	
Oct-11	江苏省	1	0	0.0013	
Apr-11	江苏省	7	0	0.0089	
May-05	青海省	5	0	0.093	
Dec-13	陕西省	4	0	0.0107	
Mar-04	江苏省	11	0	0.0145	
May-04	山东省	29	0	0.0316	
Aug-10	云南省	2	0	0.0044	
May-05	山西省	13	0	0.039	
Feb-12	陕西省	4	0	0.0107	
Jun-09	安徽省	11	0	0.0179	
Jan-05	西藏	1	0	0.0365	
Sep-14	陕西省	32	0	0.085	
Feb-08	广东省	4	0	0.0042	
Apr-11	天津市	7	0	0.0541	
Jun-10	山西省	2	0	0.0058	
Aug-06	河南省	24	0	0.0256	
Nov-08	甘肃省	1	0	0.0038	
Mar-06	广西	3	0	0.0064	
Jun-13	云南省	5	0	0.0107	
Oct-05	内蒙古	3	0	0.0126	
Aug-15	广东省	87	0	0.0811	
Jan-07	河南省	10	0	0.0106	
Jun-15	广东省	62	0	0.0578	
Jan-09	陕西省	1	0	0.0027	
May-12	福建省	1	0	0.0027	
Nov-06	江苏省	2	0	0.0027	
Jul-10	安徽省	12	0	0.0196	
Jun-12	北京市	4	0	0.0198	
Mar-12	天津市	13	0	0.096	
Jan-12	山东省	24	0	0.0249	
Oct-06	贵州省	11	0	0.0295	
Apr-10	黑龙江省	2	0	0.0052	
Jun-04	江苏省	18	0	0.0238	
Mar-04	陕西省	21	0	0.0574	
May-04	四川省	97	0	0.1113	
May-12	湖南省	1	0	0.0015	
Aug-14	河北省	56	0	0.0764	
Nov-07	甘肃省	9	0	0.0345	
Jul-14	河南省	38	0	0.0404	
Nov-10	湖南省	2	0	0.0031	
Jul-09	湖南省	9	0	0.0141	
Sep-13	青海省	1	0	0.0174	
Mar-09	湖北省	4	0	0.007	
Apr-12	陕西省	10	0	0.0267	
Jul-05	河南省	51	0	0.0547	
Dec-09	河北省	17	0	0.0243	
Oct-05	广东省	1	0	0.0011	
Oct-15	北京市	9	0	0.0418	
Aug-05	河北省	53	0	0.0778	
Jun-04	浙江省	9	0	0.0191	
Dec-05	湖南省	4	0	0.0064	
Mar-10	四川省	11	0	0.0134	
Sep-05	贵州省	6	0	0.0162	
May-07	安徽省	33	0	0.054	
Jun-06	云南省	7	0	0.0157	
Oct-15	浙江省	10	0	0.0182	
Oct-04	天津市	2	0	0.0215	
Aug-08	全国	357	0	0.027	
Sep-10	湖北省	1	0	0.0017	
Nov-09	湖北省	1	0	0.0018	
Mar-14	全国	163	0	0.012	
Apr-13	四川省	24	0	0.0297	
Apr-08	甘肃省	12	0	0.0459	
Oct-08	江西省	1	0	0.0023	
Jul-12	全国	273	0	0.0203	
Sep-10	河北省	17	0	0.0242	
Apr-04	全国	494	0	0.038	
Oct-04	陕西省	31	0	0.0847	
Jul-11	四川省	62	0	0.0771	
Sep-14	云南省	2	0	0.0043	
May-12	江苏省	6	0	0.0076	
Aug-12	安徽省	1	0	0.0017	
Sep-11	湖南省	2	0	0.003	
Mar-05	河南省	18	0	0.0193	
Feb-11	河北省	8	0	0.0111	
Jan-05	河南省	10	0	0.0107	
Aug-14	贵州省	5	0	0.0143	
Apr-13	湖南省	1	0	0.0015	
Mar-11	四川省	33	0	0.041	
Aug-14	甘肃省	10	0	0.0387	
Jun-09	湖北省	3	0	0.0053	
Sep-13	山东省	28	0	0.0289	
Aug-08	贵州省	15	0	0.0399	
Mar-12	江苏省	6	0	0.0076	
Nov-09	湖南省	1	0	0.0016	
Jul-12	贵州省	3	0	0.0086	
Jul-15	山西省	19	0	0.0521	
Jun-13	重庆市	7	0	0.0238	
Jul-10	江西省	1	0	0.0023	
May-06	江苏省	10	0	0.0134	
Oct-14	河南省	6	0	0.0064	
Aug-13	山东省	35	0	0.0361	
Jun-14	云南省	1	0	0.0021	
Jan-07	新疆	22	0	0.1073	
Jan-13	云南省	1	0	0.0021	
May-05	四川省	43	0	0.0525	
Feb-08	新疆	55	0	0.2625	
Oct-11	广东省	6	0	0.0058	
Apr-07	全国	253	0	0.0192	
Jul-07	黑龙江省	4	0	0.0105	
May-14	黑龙江省	3	0	0.0078	
Apr-07	广东省	1	0	0.0011	
Sep-06	贵州省	5	0	0.0134	
Apr-07	江苏省	15	0	0.0199	
Aug-05	辽宁省	3	0	0.0071	
Dec-04	云南省	1	0	0.0023	
Sep-09	天津市	3	0	0.0255	
Aug-09	江西省	1	0	0.0023	
Jul-07	湖南省	14	0	0.0221	
Dec-06	河南省	5	0	0.0053	
May-08	黑龙江省	2	0	0.0052	
Jun-10	新疆	12	0	0.0556	
Aug-12	广东省	3	0	0.0029	
Mar-12	安徽省	9	0	0.0151	
Oct-05	吉林省	1	0	0.0037	
Sep-09	甘肃省	3	0	0.0114	
Nov-09	安徽省	3	0	0.0049	
Oct-04	浙江省	3	0	0.0064	
Aug-13	陕西省	16	0	0.0426	
Jun-12	甘肃省	5	0	0.0195	
May-07	黑龙江省	5	0	0.0131	
Jun-12	山东省	25	0	0.0259	
Feb-05	贵州省	9	0	0.0243	
Mar-06	贵州省	4	0	0.0107	
Dec-04	甘肃省	5	0	0.0191	
Mar-08	江苏省	9	0	0.0118	
Jul-13	河南省	5	0	0.0053	
Jun-09	陕西省	4	0	0.0106	
Sep-10	河南省	2	0	0.0021	
Feb-14	江苏省	4	0	0.005	
Jun-14	全国	370	0	0.0273	
Jul-11	江西省	1	0	0.0022	
Jul-12	河北省	16	0	0.0221	
May-06	广西	3	0	0.0064	
Aug-13	广西	1	0	0.0021	
Jun-11	陕西省	13	0	0.0348	
Apr-05	福建省	10	0	0.0285	
Mar-15	江西省	5	0	0.011	
Dec-07	湖南省	1	0	0.0016	
Jun-11	广东省	20	0	0.0192	
Jan-04	陕西省	11	0	0.0301	
Feb-04	浙江省	1	0	0.0021	
Oct-06	河南省	8	0	0.0085	
Mar-10	陕西省	3	0	0.008	
Aug-08	浙江省	12	0	0.0237	
Sep-12	新疆	30	0	0.1358	
Aug-15	山西省	22	0	0.0603	
Mar-04	黑龙江省	1	0	0.0027	
Dec-14	内蒙古	2	0	0.008	
Oct-07	天津市	2	0	0.0186	
Sep-15	山东省	136	0	0.1389	
Aug-08	吉林省	1	0	0.0037	
Oct-06	陕西省	1	0	0.0027	
Oct-15	安徽省	1	0	0.0016	
Jun-11	贵州省	7	0	0.0201	
Mar-14	新疆	13	0	0.0574	
Sep-11	河南省	11	0	0.0117	
May-15	河南省	52	0	0.0551	
May-06	浙江省	11	0	0.0225	
Apr-12	重庆市	2	0	0.0069	
Oct-10	浙江省	3	0	0.0058	
Feb-08	江西省	5	0	0.0114	
Dec-04	河南省	5	0	0.0052	
Nov-15	宁夏	1	0	0.0151	
Mar-10	全国	129	0	0.0097	
Nov-05	新疆	8	0	0.0403	
Sep-12	山西省	3	0	0.0083	
Apr-12	甘肃省	3	0	0.0117	
Oct-10	江西省	1	0	0.0023	
Jun-08	广东省	2	0	0.0021	
Jun-12	宁夏	1	0	0.0156	
Mar-07	河北省	16	0	0.0232	
Mar-05	宁夏	6	0	0.1018	
Nov-04	山西省	8	0	0.0241	
Jul-10	河南省	24	0	0.0253	
Dec-15	甘肃省	4	0	0.0154	
Jul-15	江苏省	6	0	0.0075	
Oct-04	四川省	23	0	0.0264	
Sep-05	广西	2	0	0.0043	
Jul-07	甘肃省	18	0	0.0691	
Oct-07	贵州省	5	0	0.0133	
Jan-07	浙江省	3	0	0.006	
Feb-11	全国	162	0	0.0121	
Nov-07	青海省	3	0	0.0547	
Jun-06	甘肃省	13	0	0.0501	
Apr-07	陕西省	9	0	0.0241	
May-06	山东省	15	0	0.0162	
Nov-05	浙江省	3	0	0.0062	
Jan-12	陕西省	16	0	0.0428	
Sep-15	四川省	17	0	0.0209	
Jun-07	广东省	6	0	0.0064	
Jan-04	广东省	2	0	0.0025	
Jun-13	四川省	21	0	0.026	
Apr-13	广东省	6	0	0.0057	
Nov-15	陕西省	32	0	0.0848	
Apr-14	全国	157	0	0.0116	
Nov-07	河北省	7	0	0.0101	
Dec-06	四川省	20	0	0.0244	
Feb-15	陕西省	24	0	0.0636	
Feb-10	江苏省	1	0	0.0013	
Jul-07	新疆	114	0	0.5561	
Jun-08	湖南省	4	0	0.0063	
Nov-04	河北省	25	0	0.0368	
Sep-08	安徽省	1	0	0.0016	
May-08	河北省	24	0	0.0346	
Dec-12	福建省	1	0	0.0027	
Aug-06	江苏省	5	0	0.0067	
Feb-07	贵州省	8	0	0.0213	
Aug-10	吉林省	5	0	0.0183	
Nov-06	河南省	6	0	0.0064	
Jun-07	建设兵团	2	0	0.0775	
Sep-05	湖南省	14	0	0.0222	
Aug-10	山西省	6	0	0.0175	
Jun-10	广西	1	0	0.0021	
Feb-06	陕西省	10	0	0.0269	
Feb-14	山西省	1	0	0.0028	
Aug-04	天津市	9	0	0.0968	
Sep-05	云南省	9	0	0.0204	
May-14	河南省	10	0	0.0106	
Dec-15	云南省	2	0	0.0042	
Sep-05	河北省	20	0	0.0294	
Aug-13	湖南省	1	0	0.0015	
Nov-08	重庆市	1	0	0.0036	
Feb-12	四川省	19	0	0.0236	
Aug-06	湖南省	23	0	0.0364	
Oct-09	陕西省	3	0	0.008	
Jul-14	全国	517	0	0.0382	
Apr-15	山东省	100	0	0.1022	
May-07	全国	335	0	0.0255	
Nov-12	湖南省	2	0	0.003	
Sep-09	山西省	4	0	0.0117	
Sep-05	全国	169	0	0.013	
Apr-10	江西省	1	0	0.0023	
Dec-08	四川省	7	0	0.0086	
Dec-12	浙江省	3	0	0.0055	
Jul-15	江西省	1	0	0.0022	
May-04	天津市	5	0	0.0538	
Apr-04	广西	7	0	0.0144	
Mar-05	辽宁省	2	0	0.0047	
Jul-08	北京市	1	0	0.0061	
Jul-15	天津市	45	0	0.2967	
Nov-11	山西省	6	0	0.0168	
Mar-10	天津市	2	0	0.0163	
Mar-15	湖北省	18	0	0.0309	
May-15	北京市	10	0	0.0465	
Oct-04	贵州省	11	0	0.0288	
Jun-08	甘肃省	12	0	0.0459	
Sep-14	江苏省	1	0	0.0013	
Jan-14	河北省	16	0	0.0218	
Jul-07	河北省	39	0	0.0565	
Oct-13	四川省	14	0	0.0173	
Mar-05	福建省	12	0	0.0341	
Mar-14	湖北省	2	0	0.0034	
Feb-05	陕西省	21	0	0.0567	
Sep-15	福建省	1	0	0.0026	
Mar-14	山西省	4	0	0.011	
Jan-15	河南省	8	0	0.0085	
Mar-12	重庆市	1	0	0.0034	
Sep-15	辽宁省	1	0	0.0023	
Feb-07	新疆	44	0	0.2146	
Apr-15	湖南省	11	0	0.0163	
Mar-13	天津市	11	0	0.0778	
Jul-07	云南省	3	0	0.0067	
May-08	江西省	7	0	0.016	
Sep-07	新疆	53	0	0.2585	
Oct-15	江苏省	2	0	0.0025	
Oct-13	安徽省	2	0	0.0033	
Jun-11	湖北省	4	0	0.007	
Sep-10	甘肃省	3	0	0.0114	
May-05	江西省	14	0	0.0327	
Mar-11	河北省	22	0	0.0306	
Jan-10	湖北省	1	0	0.0017	
Oct-09	云南省	3	0	0.0066	
Sep-07	贵州省	7	0	0.0186	
Jan-04	海南省	1	0	0.0123	
Jul-05	内蒙古	3	0	0.0126	
Aug-12	天津市	9	0	0.0664	
May-04	新疆	150	0	0.8063	
May-15	江西省	1	0	0.0022	
Jun-04	全国	625	2	0.0481	0.0002
Aug-08	河南省	4	0	0.0043	
Jun-04	青海省	6	2	0.1112	0.0371
Feb-09	湖北省	2	0	0.0035	
Aug-11	西藏	2	0	0.0667	
Sep-15	全国	549	0	0.0403	
Jun-10	全国	218	0	0.0163	
Jan-11	浙江省	4	0	0.0073	
Oct-08	河南省	1	0	0.0011	
Jul-04	山东省	29	0	0.0316	
Nov-11	安徽省	6	0	0.0101	
Jun-11	甘肃省	8	0	0.0313	
Mar-13	新疆	24	0	0.1075	
Jul-12	江西省	1	0	0.0022	
Mar-09	广东省	2	0	0.0021	
Jul-14	陕西省	24	0	0.0638	
Aug-06	福建省	3	0	0.0085	
May-12	天津市	10	0	0.0738	
Jun-12	新疆	73	0	0.3305	
Jan-08	甘肃省	4	0	0.0153	
Sep-07	浙江省	2	0	0.004	
Jun-15	北京市	8	0	0.0372	
Jul-11	云南省	4	0	0.0087	
Jul-06	上海市	2	0	0.0112	
Jun-08	湖北省	5	0	0.0088	
Jul-11	上海市	2	0	0.0087	
Jan-05	山东省	7	0	0.0076	
Jul-12	山西省	12	0	0.0334	
Oct-11	河南省	4	0	0.0043	
May-08	江苏省	14	0	0.0184	
Feb-13	四川省	34	0	0.0421	
Aug-07	四川省	39	0	0.0477	
Sep-10	吉林省	1	0	0.0037	
Apr-15	广东省	69	0	0.0643	
Jan-09	湖北省	2	0	0.0035	
Jun-08	内蒙古	2	0	0.0083	
Oct-08	河北省	8	0	0.0115	
Oct-07	建设兵团	1	0	0.0388	
Apr-05	青海省	5	0	0.093	
Aug-09	河北省	59	0	0.0844	
Dec-10	江苏省	1	0	0.0013	
Jun-08	陕西省	14	0	0.0374	
Sep-08	甘肃省	3	0	0.0115	
Apr-13	浙江省	7	0	0.0128	
Feb-12	山东省	9	0	0.0093	
Dec-04	新疆	5	0	0.0269	
Oct-09	青海省	2	0	0.0361	
Nov-13	黑龙江省	2	0	0.0052	
Sep-13	甘肃省	4	0	0.0155	
Jan-04	天津市	1	0	0.0108	
Jun-11	全国	269	0	0.0201	
Jan-13	天津市	9	0	0.0637	
May-09	辽宁省	1	0	0.0023	
Apr-15	云南省	1	0	0.0021	
Jul-07	福建省	10	0	0.0281	
Mar-07	安徽省	12	0	0.0196	
Feb-13	甘肃省	6	0	0.0233	
Jul-14	甘肃省	4	0	0.0155	
Jan-14	浙江省	2	0	0.0036	
Jul-15	全国	942	0	0.0691	
Dec-14	河北省	21	0	0.0286	
Sep-10	江苏省	1	0	0.0013	
Aug-06	建设兵团	1	0	0.0389	
Mar-10	湖北省	1	0	0.0017	
Jan-05	青海省	3	0	0.0558	
Feb-06	湖南省	7	0	0.0111	
Aug-10	全国	222	0	0.0166	
Dec-04	江西省	4	0	0.0093	
May-09	甘肃省	6	0	0.0228	
Nov-10	黑龙江省	2	0	0.0052	
Nov-08	新疆	10	0	0.0477	
Mar-10	河北省	33	0	0.0469	
Aug-05	湖南省	23	0	0.0365	
Mar-08	广东省	4	0	0.0042	
Oct-10	山东省	8	0	0.0084	
Jun-10	安徽省	4	0	0.0065	
Apr-13	江苏省	4	0	0.0051	
Oct-14	宁夏	1	0	0.0153	
Aug-11	天津市	7	0	0.0541	
Nov-13	新疆	23	0	0.103	
Aug-08	江苏省	2	0	0.0026	
Mar-11	陕西省	7	0	0.0188	
Jan-06	河北省	6	0	0.0088	
Mar-05	江苏省	12	0	0.0161	
Sep-04	广西	4	0	0.0082	
Jun-10	贵州省	2	0	0.0053	
Nov-12	甘肃省	1	0	0.0039	
Aug-05	陕西省	37	0	0.0999	
May-10	湖南省	4	0	0.0062	
Jun-13	湖北省	1	0	0.0017	
Feb-11	天津市	6	0	0.0464	
Sep-15	云南省	4	0	0.0085	
Dec-15	河北省	20	0	0.0271	
Feb-04	甘肃省	16	0	0.0612	
Aug-12	河南省	9	0	0.0096	
Jul-10	陕西省	7	0	0.0186	
Oct-06	江苏省	4	0	0.0054	
Jan-12	新疆	128	0	0.5795	
Jun-13	河北省	17	0	0.0233	
Jul-11	黑龙江省	1	0	0.0026	
Nov-06	重庆市	2	0	0.0071	
Mar-11	河南省	18	0	0.0191	
Feb-08	河北省	9	0	0.013	
Dec-04	江苏省	1	0	0.0013	
Jul-05	河北省	125	0	0.1836	
Feb-06	新疆	22	0	0.1095	
Jun-10	内蒙古	2	0	0.0083	
Aug-05	浙江省	6	0	0.0123	
Jul-04	天津市	6	0	0.0646	
Feb-15	浙江省	13	0	0.0236	
Aug-15	新疆	185	0	0.8049	
Sep-11	新疆	33	0	0.1513	
Jan-10	山西省	2	0	0.0058	
Mar-08	湖北省	3	0	0.0053	
Mar-04	内蒙古	4	0	0.0168	
Jul-14	浙江省	12	0	0.0218	
Jan-04	湖北省	8	0	0.0133	
Oct-15	贵州省	2	0	0.0057	
Apr-11	安徽省	8	0	0.0134	
Aug-14	云南省	3	0	0.0064	
Apr-05	江苏省	13	0	0.0174	
Apr-13	河南省	1	0	0.0011	
Sep-07	广西	1	0	0.0021	
Oct-15	河南省	7	0	0.0074	
Apr-07	四川省	30	0	0.0367	
Nov-11	湖南省	3	0	0.0046	
Oct-06	建设兵团	2	0	0.0778	
Oct-04	山西省	9	0	0.0272	
Feb-07	全国	187	0	0.0142	
Jan-14	新疆	19	0	0.0839	
Oct-05	湖北省	1	0	0.0018	
Jun-07	河北省	33	0	0.0478	
May-10	云南省	6	0	0.0131	
Sep-05	陕西省	14	0	0.0378	
Jul-12	甘肃省	9	0	0.0351	
Mar-12	全国	262	0	0.0194	
Aug-04	吉林省	2	0	0.0075	
Nov-12	黑龙江省	1	0	0.0026	
Apr-04	河南省	33	0	0.034	
Jun-09	天津市	2	0	0.017	
Oct-11	四川省	15	0	0.0187	
Nov-12	天津市	5	0	0.0369	
Nov-08	上海市	1	0	0.0054	
Apr-04	贵州省	29	0	0.0759	
Oct-13	内蒙古	1	0	0.004	
Apr-04	江西省	13	0	0.0303	
Apr-09	江苏省	5	0	0.0065	
Sep-15	浙江省	6	0	0.0109	
May-10	湖北省	2	0	0.0035	
Sep-10	四川省	20	0	0.0244	
Apr-06	山东省	10	0	0.0108	
Oct-08	云南省	2	0	0.0044	
Oct-04	吉林省	1	0	0.0038	
Nov-10	陕西省	1	0	0.0027	
Apr-14	广东省	13	0	0.0122	
Nov-07	吉林省	1	0	0.0037	
Nov-05	湖南省	5	0	0.0079	
Aug-12	江西省	1	0	0.0022	
Sep-08	江苏省	1	0	0.0013	
Apr-11	新疆	39	0	0.1788	
Feb-12	云南省	8	0	0.0173	
Nov-10	四川省	18	0	0.022	
May-05	河南省	31	0	0.0332	
Apr-07	新疆	41	0	0.2	
May-14	山东省	61	0	0.0627	
May-05	天津市	5	0	0.048	
Sep-10	陕西省	6	0	0.0159	
Jul-06	湖南省	29	0	0.0458	
Feb-12	山西省	6	0	0.0167	
May-12	全国	245	0	0.0182	
Jul-07	四川省	40	0	0.049	
Mar-12	山东省	1	0	0.001	
Jan-07	陕西省	4	0	0.0107	
Mar-06	云南省	12	0	0.027	
Jan-10	湖南省	2	0	0.0031	
Apr-04	山东省	34	0	0.0371	
Apr-08	四川省	30	0	0.0369	
May-08	天津市	4	0	0.0359	
Sep-08	河南省	2	0	0.0021	
Sep-09	山东省	12	0	0.0127	
Oct-15	黑龙江省	2	0	0.0052	
Mar-04	青海省	3	0	0.0556	
Sep-14	四川省	8	0	0.0099	
Dec-05	新疆	2	0	0.0101	
Aug-08	建设兵团	1	0	0.0387	
Mar-08	河南省	8	0	0.0085	
Feb-15	四川省	23	0	0.0283	
Feb-15	辽宁省	1	0	0.0023	
Aug-08	安徽省	10	0	0.0163	
Aug-15	全国	963	0	0.0707	
Jan-14	陕西省	2	0	0.0053	
Oct-11	山东省	17	0	0.0177	
Jul-10	云南省	9	0	0.0197	
Apr-10	天津市	7	0	0.057	
Sep-08	贵州省	3	0	0.008	
Aug-06	北京市	1	0	0.0065	
Sep-08	江西省	2	0	0.0046	
Jun-05	天津市	8	0	0.0768	
Jun-08	西藏	1	0	0.0352	
Dec-04	重庆市	1	0	0.0032	
Feb-06	河南省	14	0	0.0149	
Oct-12	陕西省	1	0	0.0027	
Feb-05	山西省	6	0	0.018	
Aug-15	河北省	54	0	0.0731	
Mar-05	重庆市	2	0	0.0072	
Jun-14	甘肃省	3	0	0.0116	
Jul-08	贵州省	10	0	0.0266	
Sep-15	建设兵团	3	0	0.1098	
May-06	贵州省	13	0	0.0349	
May-05	广东省	9	0	0.0099	
Jun-10	江苏省	3	0	0.0039	
Feb-05	内蒙古	7	0	0.0295	
Mar-09	贵州省	4	0	0.0106	
Jul-13	湖南省	3	0	0.0045	
Jul-12	广东省	5	0	0.0048	
Aug-07	河北省	34	0	0.0493	
Jul-06	湖北省	13	0	0.0228	
Oct-09	湖南省	1	0	0.0016	
Dec-07	湖北省	1	0	0.0018	
Apr-09	甘肃省	7	0	0.0266	
Apr-12	辽宁省	1	0	0.0023	
Jun-05	江西省	21	0	0.0491	
Feb-10	天津市	2	0	0.0163	
May-11	云南省	4	0	0.0087	
Feb-13	天津市	14	0	0.0991	
Feb-14	甘肃省	7	0	0.0271	
Feb-13	河北省	11	0	0.0151	
Jul-06	江苏省	12	0	0.0161	
Jul-08	全国	345	0	0.0261	
May-13	全国	148	0	0.0109	
May-05	重庆市	12	0	0.043	
Oct-14	浙江省	5	0	0.0091	
Aug-13	安徽省	2	0	0.0033	
Apr-06	内蒙古	1	0	0.0042	
Dec-15	湖南省	5	0	0.0074	
Apr-07	重庆市	4	0	0.0142	
Aug-08	北京市	1	0	0.0061	
Dec-14	陕西省	14	0	0.0372	
Nov-14	内蒙古	2	0	0.008	
Jul-09	陕西省	1	0	0.0027	
Mar-08	北京市	1	0	0.0061	
Feb-09	湖南省	2	0	0.0031	
Oct-06	山东省	10	0	0.0108	
Jan-08	陕西省	2	0	0.0053	
Feb-05	浙江省	9	0	0.0185	
May-06	新疆	25	0	0.1244	
Nov-08	福建省	1	0	0.0028	
Feb-06	黑龙江省	3	0	0.0079	
Mar-09	河南省	1	0	0.0011	
May-09	山东省	15	0	0.0159	
Aug-13	重庆市	9	0	0.0306	
Feb-09	云南省	5	0	0.011	
May-10	新疆	11	0	0.051	
May-10	河北省	67	0	0.0952	
Aug-08	甘肃省	16	0	0.0611	
Jul-06	广东省	4	0	0.0044	
Apr-10	重庆市	1	0	0.0035	
Jan-05	福建省	1	0	0.0028	
Feb-04	四川省	51	1	0.0585	0.0011
Aug-12	北京市	1	0	0.005	
Jun-09	贵州省	12	0	0.0317	
Nov-08	河北省	8	0	0.0115	
Apr-07	黑龙江省	2	0	0.0052	
Apr-05	山东省	20	0	0.0218	
Jun-12	广西	1	0	0.0022	
Nov-05	陕西省	16	0	0.0432	
Aug-08	山西省	7	0	0.0206	
Aug-06	新疆	28	0	0.1393	
Mar-14	浙江省	7	0	0.0127	
Mar-15	湖南省	25	0	0.0371	
Jan-15	内蒙古	1	0	0.004	
Jun-08	四川省	37	0	0.0455	
Oct-08	全国	60	0	0.0045	
Apr-14	山西省	3	0	0.0083	
Jun-15	陕西省	93	0	0.2463	
May-13	河南省	2	0	0.0021	
Apr-15	河北省	21	0	0.0284	
Nov-14	四川省	5	0	0.0062	
Aug-04	浙江省	12	0	0.0255	
Apr-14	天津市	3	0	0.0204	
Jun-08	云南省	9	0	0.0199	
Jul-15	安徽省	3	0	0.0049	
Sep-06	江苏省	1	0	0.0013	
Dec-09	全国	71	0	0.0053	
Jun-05	北京市	1	0	0.0065	
Apr-04	四川省	75	0	0.0861	
Jan-14	吉林省	1	0	0.0036	
Jan-12	山西省	8	0	0.0223	
May-12	湖北省	3	0	0.0052	
Aug-07	河南省	27	0	0.0287	
Feb-08	宁夏	1	0	0.0164	
Jun-12	云南省	3	0	0.0065	
Oct-06	海南省	1	0	0.0121	
Jun-12	贵州省	11	0	0.0317	
Dec-12	海南省	1	0	0.0114	
Oct-15	内蒙古	1	0	0.004	
Apr-07	江西省	4	0	0.0092	
Aug-10	河南省	19	0	0.02	
Mar-10	宁夏	1	0	0.016	
Dec-08	福建省	1	0	0.0028	
Dec-14	山西省	1	0	0.0028	
Feb-12	江苏省	3	0	0.0038	
Oct-10	四川省	15	0	0.0183	
Jun-09	广西	1	0	0.0021	
Jun-04	吉林省	3	0	0.0113	
Jun-11	山西省	4	0	0.0112	
Apr-06	江西省	5	0	0.0116	
Sep-04	广东省	7	0	0.0088	
May-07	贵州省	12	0	0.0319	
Nov-10	浙江省	3	0	0.0058	
Jun-14	浙江省	11	0	0.02	
Sep-11	贵州省	4	0	0.0115	
Feb-10	新疆	24	0	0.1112	
Oct-11	贵州省	6	0	0.0173	
Feb-07	广东省	6	0	0.0064	
Nov-05	山西省	2	0	0.006	
Oct-05	北京市	1	0	0.0065	
Jul-05	山东省	34	0	0.037	
Feb-13	山西省	2	0	0.0055	
Oct-15	陕西省	42	0	0.1113	
Jan-06	内蒙古	2	0	0.0084	
Oct-11	天津市	4	0	0.0309	
Aug-04	黑龙江省	1	0	0.0027	
Jan-15	安徽省	2	0	0.0033	
Sep-05	重庆市	2	0	0.0072	
May-09	吉林省	4	0	0.0146	
Mar-10	甘肃省	4	0	0.0152	
Jul-06	河北省	54	0	0.0788	
Jan-15	贵州省	1	0	0.0029	
Jan-08	安徽省	4	0	0.0065	
Nov-12	陕西省	3	0	0.008	
Jun-11	河南省	12	0	0.0128	
Nov-13	内蒙古	1	0	0.004	
Jan-08	贵州省	6	0	0.0159	
Mar-10	黑龙江省	7	0	0.0183	
Sep-09	浙江省	2	0	0.0039	
Aug-06	陕西省	24	0	0.0645	
Oct-10	安徽省	2	0	0.0033	
May-08	四川省	49	1	0.0603	0.0012
Jun-09	河北省	78	0	0.1116	
Feb-05	四川省	46	0	0.0562	
Oct-15	湖南省	4	0	0.0059	
Jun-10	广东省	1	0	0.001	
Aug-14	广东省	34	0	0.0319	
Feb-05	宁夏	3	0	0.0509	
Jan-07	湖北省	3	0	0.0053	
Sep-12	安徽省	4	0	0.0067	
May-07	建设兵团	2	0	0.0775	
Sep-05	吉林省	1	0	0.0037	
Feb-10	黑龙江省	1	0	0.0026	
Jun-12	江苏省	5	0	0.0063	
Sep-12	甘肃省	3	0	0.0117	
Jul-05	辽宁省	4	0	0.0095	
Jan-06	辽宁省	1	0	0.0024	
Jan-09	广东省	1	0	0.001	
Apr-08	陕西省	17	0	0.0454	
Dec-06	河北省	7	0	0.0102	
Nov-06	贵州省	12	0	0.0322	
Feb-06	广西	1	0	0.0021	
Jan-13	陕西省	1	0	0.0027	
Sep-15	山西省	6	0	0.0164	
Mar-09	湖南省	2	0	0.0031	
Feb-09	黑龙江省	2	0	0.0052	
Apr-08	贵州省	5	0	0.0133	
May-11	河北省	17	0	0.0237	
Nov-13	甘肃省	1	0	0.0039	
Jul-12	天津市	16	0	0.1181	
Nov-10	山西省	6	0	0.0175	
Sep-12	江西省	1	0	0.0022	
Apr-09	河南省	1	0	0.0011	
Sep-06	江西省	5	0	0.0116	
Apr-05	贵州省	8	0	0.0216	
Jan-11	陕西省	4	0	0.0107	
Feb-11	吉林省	3	0	0.0109	
Feb-10	青海省	1	0	0.0179	
Apr-10	吉林省	1	0	0.0037	
Jul-06	山东省	20	0	0.0216	
Oct-04	江西省	8	0	0.0187	
Aug-05	内蒙古	2	0	0.0084	
Apr-05	云南省	17	0	0.0385	
Feb-08	安徽省	4	0	0.0065	
Nov-04	陕西省	24	0	0.0656	
Mar-06	河北省	30	0	0.0438	
Apr-14	新疆	11	0	0.0486	
May-08	山西省	12	0	0.0354	
Apr-04	湖南省	7	0	0.0105	
Aug-10	甘肃省	16	0	0.0607	
Jul-12	重庆市	8	0	0.0274	
May-06	安徽省	18	0	0.0294	
Aug-15	陕西省	127	0	0.3364	
Nov-06	四川省	18	0	0.0219	
Nov-08	贵州省	3	0	0.008	
Apr-07	贵州省	7	0	0.0186	
Feb-04	贵州省	16	0	0.0419	
Nov-15	北京市	5	1	0.0232	0.0046
Nov-06	广西	1	0	0.0021	
Sep-04	浙江省	6	0	0.0128	
Apr-14	湖南省	3	0	0.0045	
Mar-13	安徽省	4	0	0.0067	
Mar-07	内蒙古	2	0	0.0083	
Jul-13	浙江省	3	0	0.0055	
Jul-13	吉林省	1	0	0.0036	
Oct-10	吉林省	2	0	0.0073	
Sep-12	天津市	7	0	0.0517	
Sep-06	宁夏	2	0	0.0336	
Jun-04	广东省	6	0	0.0075	
Dec-04	西藏	5	0	0.1915	
Dec-08	新疆	9	0	0.043	
Dec-06	全国	84	0	0.0064	
Feb-13	安徽省	3	0	0.005	
Nov-05	福建省	1	0	0.0028	
Jan-07	青海省	1	0	0.0182	
Feb-15	新疆	62	0	0.2697	
Feb-07	重庆市	1	0	0.0036	
Jul-10	全国	268	0	0.0201	
Apr-09	新疆	13	0	0.061	
Aug-09	全国	201	0	0.0151	
Sep-14	全国	380	0	0.028	
Sep-07	四川省	23	0	0.0282	
Oct-14	山东省	96	0	0.0986	
Dec-12	四川省	6	0	0.0075	
May-11	陕西省	20	0	0.0536	
Mar-07	江苏省	15	0	0.0199	
Mar-07	吉林省	1	0	0.0037	
Nov-13	云南省	1	0	0.0021	
Jul-12	安徽省	9	0	0.0151	
May-08	全国	323	1	0.0244	0.0001
Dec-12	陕西省	4	0	0.0107	
May-07	河北省	25	0	0.0362	
Sep-11	山西省	2	0	0.0056	
Mar-10	山西省	2	0	0.0058	
Apr-11	河南省	16	0	0.017	
Jan-14	江苏省	4	0	0.005	
May-13	天津市	20	0	0.1415	
Jun-07	甘肃省	13	0	0.0499	
Aug-06	浙江省	3	0	0.0061	
May-08	广西	1	0	0.0021	
Jan-04	云南省	4	0	0.0092	
Feb-15	河南省	9	0	0.0095	
Sep-04	安徽省	1	0	0.0016	
Jan-11	北京市	2	0	0.0102	
May-04	广西	14	0	0.0288	
Jan-08	新疆	62	0	0.2959	
Feb-06	四川省	29	0	0.0353	
Jul-07	吉林省	3	0	0.011	
Apr-05	黑龙江省	1	0	0.0026	
Apr-07	云南省	8	0	0.0178	
Mar-05	内蒙古	5	0	0.0211	
Mar-14	河北省	12	0	0.0164	
Mar-07	北京市	1	0	0.0063	
Apr-06	贵州省	7	0	0.0188	
Dec-12	新疆	11	0	0.0498	
Apr-05	甘肃省	13	0	0.0504	
May-15	黑龙江省	4	0	0.0104	
May-06	北京市	2	0	0.013	
Sep-09	广东省	1	0	0.001	
Feb-12	安徽省	15	0	0.0251	
Dec-13	北京市	1	0	0.0048	
Oct-14	江西省	1	0	0.0022	
May-12	山东省	20	0	0.0208	
Jul-14	江苏省	8	0	0.0101	
Sep-12	四川省	15	0	0.0186	
Oct-14	北京市	9	0	0.0426	
Jan-09	山东省	6	0	0.0064	
Jun-05	海南省	1	0	0.0122	
Jan-15	湖北省	3	0	0.0052	
Nov-06	湖北省	3	0	0.0053	
Jun-06	山东省	15	0	0.0162	
Jan-15	甘肃省	5	0	0.0193	
Dec-08	陕西省	1	0	0.0027	
Dec-07	江苏省	2	0	0.0026	
Jun-10	陕西省	10	0	0.0265	
Apr-04	陕西省	32	0	0.0875	
Sep-04	吉林省	2	0	0.0075	
Feb-15	江苏省	2	0	0.0025	
Sep-13	贵州省	2	0	0.0057	
Feb-07	河南省	12	0	0.0128	
Apr-15	安徽省	5	0	0.0082	
Aug-05	天津市	5	0	0.048	
Feb-06	辽宁省	1	0	0.0024	
Apr-05	重庆市	15	0	0.0538	
Jan-10	新疆	16	0	0.0741	
Jul-09	北京市	2	0	0.0118	
Feb-04	重庆市	6	1	0.0192	0.0032
Jun-09	云南省	3	0	0.0066	
Mar-09	江西省	4	0	0.0091	
Sep-07	内蒙古	2	0	0.0083	
Jan-04	江西省	19	0	0.0444	
May-07	湖北省	8	0	0.0141	
Jul-06	福建省	1	0	0.0028	
Dec-13	安徽省	3	0	0.005	
Jan-15	河北省	27	0	0.0366	
Feb-12	宁夏	1	0	0.0156	
Nov-04	黑龙江省	1	0	0.0027	
Sep-08	河北省	12	0	0.0173	
Jul-10	黑龙江省	10	0	0.0261	
Jan-11	江西省	1	0	0.0022	
Feb-15	贵州省	2	0	0.0057	
Jun-14	广东省	22	0	0.0207	
Aug-14	安徽省	6	0	0.01	
Nov-05	黑龙江省	1	0	0.0026	
Nov-15	河北省	22	0	0.0298	
Oct-05	宁夏	1	0	0.017	
Mar-09	全国	115	0	0.0087	
Oct-13	江苏省	1	0	0.0013	
Aug-13	江苏省	4	0	0.0051	
Sep-14	重庆市	13	0	0.0438	
Sep-15	内蒙古	1	0	0.004	
Sep-06	山西省	5	0	0.0149	
Jan-07	四川省	23	0	0.0282	
Dec-12	北京市	1	0	0.005	
Feb-04	宁夏	1	0	0.0171	
May-05	内蒙古	7	0	0.0295	
Feb-13	贵州省	2	0	0.0057	
Oct-12	四川省	9	0	0.0112	
Jun-04	山西省	11	0	0.0332	
Apr-14	四川省	6	0	0.0074	
Jul-05	建设兵团	3	0	0.118	
Feb-10	全国	86	0	0.0064	
Jan-10	全国	102	0	0.0076	
Mar-09	河北省	6	0	0.0086	
Nov-12	全国	87	0	0.0065	
Nov-09	陕西省	1	0	0.0027	
Sep-15	甘肃省	8	0	0.0309	
Aug-14	浙江省	15	0	0.0273	
Nov-15	湖北省	3	0	0.0052	
Mar-04	福建省	9	0	0.025	
Jul-04	全国	698	1	0.0537	0.0001
Aug-06	广西	1	0	0.0021	
Nov-09	甘肃省	5	0	0.019	
Jan-07	江苏省	4	0	0.0053	
Oct-14	湖南省	1	0	0.0015	
Aug-08	江西省	2	0	0.0046	
Feb-13	湖北省	1	0	0.0017	
May-08	福建省	6	0	0.0168	
Aug-07	贵州省	14	0	0.0373	
Mar-09	辽宁省	1	0	0.0023	
Apr-14	贵州省	2	0	0.0057	
May-05	安徽省	37	0	0.0608	
Jul-11	北京市	2	0	0.0102	
May-05	贵州省	11	0	0.0297	
Aug-13	浙江省	2	0	0.0037	
Feb-10	吉林省	2	0	0.0073	
Mar-05	湖北省	9	0	0.0158	
Aug-07	北京市	1	0	0.0063	
Oct-05	新疆	13	0	0.0654	
Jan-10	宁夏	4	0	0.064	
May-07	湖南省	12	0	0.0189	
Sep-04	宁夏	1	0	0.0171	
Jul-04	河北省	112	0	0.1647	
Aug-15	北京市	10	0	0.0465	
Mar-04	海南省	1	0	0.0123	
Jul-04	北京市	4	0	0.027	
Apr-14	浙江省	6	0	0.0109	
Aug-07	广西	8	0	0.017	
Jun-12	重庆市	3	0	0.0103	
Jun-05	广东省	11	0	0.012	
Mar-12	宁夏	1	0	0.0156	
Oct-12	全国	76	0	0.0056	
Feb-09	安徽省	8	0	0.013	
Mar-15	云南省	1	0	0.0021	
Feb-11	贵州省	3	0	0.0086	
Mar-07	新疆	45	0	0.2195	
Jan-13	山东省	4	0	0.0041	
Nov-13	河南省	1	0	0.0011	
Mar-14	江苏省	1	0	0.0013	
Apr-15	西藏	1	0	0.0315	
Feb-04	广西	11	0	0.0227	
Mar-04	广西	9	0	0.0185	
Aug-08	陕西省	12	0	0.032	
Jun-11	新疆	55	0	0.2521	
Aug-12	黑龙江省	3	0	0.0078	
Jul-07	广西	9	0	0.0191	
Jul-12	建设兵团	1	0	0.0383	
Feb-08	江苏省	7	0	0.0092	
Feb-08	重庆市	1	0	0.0036	
Apr-10	广东省	1	0	0.001	
Aug-13	黑龙江省	12	0	0.0313	
Jul-13	陕西省	14	0	0.0373	
Sep-15	江西省	1	0	0.0022	
Jun-05	辽宁省	3	0	0.0071	
Aug-08	湖南省	9	0	0.0142	
Apr-12	新疆	110	0	0.498	
Nov-04	河南省	7	0	0.0072	
Jan-13	江苏省	1	0	0.0013	
Nov-04	四川省	18	0	0.0207	
Nov-09	云南省	1	0	0.0022	
Jan-04	甘肃省	14	0	0.0536	
Nov-15	河南省	1	0	0.0011	
Jul-09	江西省	1	0	0.0023	
Oct-14	重庆市	4	0	0.0135	
Mar-09	青海省	1	0	0.018	
Apr-08	新疆	49	0	0.2339	
Mar-14	重庆市	11	0	0.037	
Jan-06	全国	104	0	0.008	
Jan-08	云南省	4	0	0.0089	
Jun-15	广西	1	0	0.0021	
Sep-14	安徽省	2	0	0.0033	
Apr-11	重庆市	1	0	0.0035	
Aug-12	山东省	22	0	0.0228	
Jul-09	广东省	3	0	0.0031	
Apr-14	江苏省	6	0	0.0076	
Feb-12	北京市	1	0	0.005	
May-06	湖北省	13	0	0.0228	
Apr-05	陕西省	14	0	0.0378	
Sep-04	内蒙古	2	0	0.0084	
Apr-14	北京市	4	0	0.0189	
Aug-14	北京市	14	0	0.0662	
Jun-14	新疆	16	0	0.0707	
Mar-08	天津市	4	0	0.0359	
Aug-09	黑龙江省	5	0	0.0131	
Apr-09	天津市	1	0	0.0085	
Apr-12	河北省	12	0	0.0166	
Mar-07	四川省	25	0	0.0306	
Apr-08	湖南省	7	0	0.011	
Mar-11	黑龙江省	3	0	0.0078	
May-11	浙江省	15	0	0.0276	
Oct-07	陕西省	6	0	0.0161	
Oct-12	甘肃省	2	0	0.0078	
Feb-06	江苏省	3	0	0.004	
May-09	江苏省	6	0	0.0078	
Apr-12	江西省	1	0	0.0022	
Aug-04	四川省	79	1	0.0907	0.0011
Oct-05	山西省	3	0	0.009	
Feb-13	吉林省	1	0	0.0036	
Jan-08	上海市	1	0	0.0054	
Apr-10	河南省	2	0	0.0021	
Oct-09	黑龙江省	2	0	0.0052	
Nov-12	山东省	5	0	0.0052	
Aug-15	黑龙江省	9	0	0.0235	
Aug-11	浙江省	17	0	0.0312	
Aug-15	江苏省	2	0	0.0025	
Oct-11	山西省	5	0	0.014	
Mar-07	河南省	21	0	0.0224	
Jul-12	云南省	8	0	0.0173	
Jul-08	安徽省	16	0	0.0262	
Oct-08	陕西省	1	0	0.0027	
Aug-08	福建省	1	0	0.0028	
Feb-14	湖南省	10	0	0.0149	
Mar-12	江西省	3	0	0.0067	
Jul-10	甘肃省	7	0	0.0266	
Nov-15	黑龙江省	2	0	0.0052	
Dec-14	山东省	64	0	0.0658	
Feb-09	山西省	1	0	0.0029	
Mar-05	山东省	12	0	0.0131	
Sep-13	安徽省	3	0	0.005	
Nov-04	全国	165	0	0.0127	
Oct-09	湖北省	2	0	0.0035	
Jun-04	海南省	1	0	0.0123	
Jan-04	山西省	2	0	0.006	
Aug-11	湖北省	5	0	0.0087	
Apr-08	山西省	13	0	0.0383	
Apr-08	全国	267	0	0.0202	
Feb-07	陕西省	5	0	0.0134	
Jan-09	云南省	5	0	0.011	
May-05	福建省	19	0	0.0541	
May-05	山东省	26	0	0.0283	
Feb-13	湖南省	2	0	0.003	
Aug-07	福建省	4	0	0.0112	
Feb-13	黑龙江省	2	0	0.0052	
Dec-13	重庆市	1	0	0.0034	
Aug-12	全国	199	0	0.0148	
May-06	四川省	68	0	0.0828	
Jan-07	全国	156	0	0.0119	
Apr-11	贵州省	5	0	0.0144	
Aug-09	贵州省	3	0	0.0079	
Aug-04	重庆市	9	0	0.0288	
Jul-14	江西省	4	0	0.0088	
Apr-10	四川省	12	0	0.0147	
Jun-05	全国	498	0	0.0383	
May-13	江西省	1	0	0.0022	
Mar-13	四川省	22	0	0.0272	
Nov-06	内蒙古	1	0	0.0042	
Jan-07	广西	2	0	0.0042	
Apr-11	广东省	7	0	0.0067	
Sep-14	新疆	18	0	0.0795	
Nov-13	全国	93	0	0.0069	
Jul-15	湖南省	10	0	0.0148	
Jun-15	湖北省	10	0	0.0172	
Oct-14	全国	287	0	0.0212	
Mar-04	天津市	1	0	0.0108	
Nov-04	湖北省	1	0	0.0017	
Jun-15	江苏省	7	0	0.0088	
Jul-09	天津市	6	0	0.051	
Jun-12	湖北省	4	0	0.0069	
Mar-11	广东省	6	0	0.0058	
Dec-11	全国	143	0	0.0107	
Mar-09	四川省	29	0	0.0354	
Dec-13	浙江省	5	0	0.0091	
Oct-06	青海省	2	0	0.0368	
Feb-04	湖南省	7	0	0.0105	
Jun-09	青海省	2	0	0.0361	
Nov-05	甘肃省	8	0	0.031	
May-10	安徽省	8	0	0.013	
Dec-09	湖南省	3	0	0.0047	
Sep-06	湖南省	3	0	0.0047	
Jul-07	天津市	4	0	0.0372	
Aug-07	浙江省	5	0	0.01	
Dec-06	湖北省	3	0	0.0053	
Oct-09	浙江省	1	0	0.002	
Jul-08	重庆市	6	0	0.0213	
May-06	甘肃省	12	0	0.0463	
Dec-13	山东省	30	0	0.031	
Jul-15	河南省	45	0	0.0477	
Feb-14	云南省	1	0	0.0021	
Dec-14	江西省	2	0	0.0044	
Dec-05	天津市	1	0	0.0096	
Jan-08	江西省	2	0	0.0046	
Sep-14	山东省	127	0	0.1305	
Jun-05	黑龙江省	7	0	0.0184	
Dec-14	云南省	2	0	0.0043	
Nov-12	云南省	5	0	0.0108	
Mar-15	广东省	70	0	0.0653	
Jan-04	重庆市	7	0	0.0224	
Jan-13	黑龙江省	2	0	0.0052	
May-15	陕西省	76	0	0.2013	
Jan-04	湖南省	2	0	0.003	
Jan-06	建设兵团	1	0	0.0389	
Dec-07	甘肃省	7	0	0.0269	
Aug-12	湖南省	2	0	0.003	
Apr-13	山西省	2	0	0.0055	
Oct-10	湖南省	1	0	0.0016	
Oct-06	山西省	2	0	0.006	
Jan-14	天津市	6	0	0.0408	
May-09	山西省	3	0	0.0088	
Oct-05	天津市	1	0	0.0096	
Jul-07	山西省	17	0	0.0504	
Jun-12	全国	244	0	0.0181	
Jul-13	山东省	54	0	0.0558	
Jun-14	安徽省	6	0	0.01	
Jun-12	建设兵团	1	0	0.0383	
Aug-15	河南省	15	0	0.0159	
Jul-04	贵州省	40	0	0.1046	
Nov-14	安徽省	6	0	0.01	
Feb-06	全国	170	0	0.013	
Mar-11	内蒙古	1	0	0.004	
Apr-14	湖北省	2	0	0.0034	
Jun-06	全国	323	1	0.0247	0.0001
Dec-14	新疆	34	0	0.1502	
Oct-05	河北省	22	0	0.0323	
Nov-13	河北省	12	0	0.0165	
Apr-15	四川省	26	0	0.0319	
Apr-04	青海省	1	0	0.0185	
Nov-07	江苏省	1	0	0.0013	
Feb-15	云南省	1	0	0.0021	
Feb-14	湖北省	2	0	0.0034	
Aug-11	山东省	23	0	0.024	
Mar-14	贵州省	1	0	0.0029	
May-09	全国	188	0	0.0142	
Aug-14	福建省	3	0	0.0079	
Jun-09	广东省	4	0	0.0042	
Nov-06	云南省	13	0	0.0292	
Sep-09	江苏省	2	0	0.0026	
Aug-14	山西省	14	0	0.0386	
Feb-06	福建省	3	0	0.0085	
Sep-13	山西省	3	0	0.0083	
Oct-15	福建省	2	0	0.0053	
Oct-13	北京市	2	0	0.0097	
Oct-08	江苏省	1	0	0.0013	
Aug-08	重庆市	4	0	0.0142	
Apr-04	江苏省	9	0	0.0119	
Nov-10	甘肃省	3	0	0.0114	
May-11	甘肃省	4	0	0.0156	
Aug-05	广西	5	0	0.0108	
Jul-05	广西	2	0	0.0043	
Feb-06	安徽省	6	0	0.0098	
Aug-07	云南省	2	0	0.0045	
Jul-15	甘肃省	16	0	0.0618	
Jan-06	云南省	7	0	0.0157	
Apr-06	安徽省	20	0	0.0327	
Apr-04	湖北省	9	0	0.015	
Aug-05	福建省	15	0	0.0427	
Feb-04	青海省	2	0	0.0371	
Dec-07	江西省	1	0	0.0023	
May-12	广东省	5	0	0.0048	
Mar-14	山东省	39	0	0.0401	
Jan-06	甘肃省	4	0	0.0154	
Dec-04	全国	98	0	0.0075	
Oct-05	陕西省	6	0	0.0162	
Mar-15	北京市	6	0	0.0279	
Aug-14	四川省	29	0	0.0358	
Oct-10	河南省	3	0	0.0032	
Jul-10	重庆市	4	0	0.014	
Feb-14	北京市	1	0	0.0047	
Aug-06	湖北省	11	0	0.0193	
May-04	广东省	5	0	0.0063	
May-12	云南省	4	0	0.0086	
Aug-13	湖北省	1	0	0.0017	
Dec-05	安徽省	3	0	0.0049	
Jul-04	重庆市	6	0	0.0192	
May-15	云南省	4	0	0.0085	
Jul-13	贵州省	2	0	0.0057	
Feb-09	新疆	9	0	0.0422	
May-06	吉林省	1	0	0.0037	
Feb-04	湖北省	8	0	0.0133	
Jun-15	甘肃省	12	0	0.0463	
Feb-05	福建省	8	0	0.0228	
Jun-10	四川省	19	0	0.0232	
Apr-15	甘肃省	6	0	0.0232	
Aug-11	四川省	35	0	0.0435	
Apr-05	宁夏	1	0	0.017	
Nov-11	建设兵团	2	0	0.0777	
Jul-06	重庆市	14	0	0.05	
Jan-10	陕西省	2	0	0.0053	
Apr-13	全国	128	0	0.0095	
Nov-08	广西	1	0	0.0021	
Dec-05	黑龙江省	1	0	0.0026	
Sep-04	河北省	29	0	0.0427	
Jun-15	建设兵团	1	0	0.0366	
Feb-07	山西省	3	0	0.0089	
Dec-05	广东省	1	0	0.0011	
Mar-13	吉林省	1	0	0.0036	
Oct-13	湖南省	1	0	0.0015	
Mar-11	贵州省	3	0	0.0086	
Dec-06	甘肃省	4	0	0.0154	
Nov-14	全国	279	1	0.0206	0.0001
Sep-04	湖北省	2	0	0.0033	
Feb-05	新疆	12	0	0.0604	
Dec-14	河南省	3	0	0.0032	
Jun-10	江西省	2	0	0.0045	
Apr-05	四川省	67	0	0.0818	
Feb-07	吉林省	1	0	0.0037	
Feb-14	全国	130	0	0.0096	
Nov-10	北京市	1	0	0.0057	
Jul-09	浙江省	4	0	0.0078	
Jul-08	辽宁省	1	0	0.0023	
Apr-12	全国	240	1	0.0178	0.0001
Jan-07	山西省	3	0	0.0089	
Sep-07	广东省	1	0	0.0011	
Mar-15	陕西省	56	0	0.1483	
Sep-04	云南省	4	0	0.0092	
Apr-05	广东省	11	0	0.012	
Jun-05	湖北省	6	0	0.0105	
Aug-07	建设兵团	1	0	0.0388	
Nov-15	甘肃省	4	0	0.0154	
Jun-07	江苏省	11	0	0.0146	
May-07	广西	4	0	0.0085	
Aug-13	云南省	3	0	0.0064	
Oct-09	辽宁省	1	0	0.0023	
Aug-09	甘肃省	12	0	0.0457	
Apr-10	湖北省	3	0	0.0052	
Nov-13	陕西省	8	0	0.0213	
Oct-15	天津市	28	0	0.1846	
Apr-10	陕西省	3	0	0.008	
May-10	山东省	29	0	0.0306	
Jan-14	山西省	2	0	0.0055	
Sep-04	江苏省	7	0	0.0092	
Oct-04	安徽省	2	0	0.0031	
Oct-15	广东省	32	0	0.0298	
Jul-07	河南省	41	0	0.0437	
Oct-05	重庆市	1	0	0.0036	
Apr-06	江苏省	8	1	0.0107	0.0013
Nov-14	甘肃省	2	0	0.0077	
Jan-09	北京市	1	0	0.0059	
Aug-07	湖北省	9	0	0.0158	
Jan-10	吉林省	1	0	0.0037	
Apr-05	安徽省	20	0	0.0329	
Mar-08	湖南省	7	0	0.011	
Mar-10	北京市	1	0	0.0057	
Dec-07	山西省	1	0	0.003	
Nov-11	河南省	2	0	0.0021	
Apr-09	山东省	7	0	0.0074	
May-10	山西省	5	0	0.0146	
Sep-10	新疆	6	0	0.0278	
Jan-09	湖南省	6	0	0.0094	
Oct-06	广东省	2	0	0.0022	
Nov-05	全国	146	0	0.0112	
Jun-05	山东省	34	0	0.037	
Sep-05	浙江省	13	0	0.0267	
Oct-11	河北省	17	0	0.0237	
Apr-04	黑龙江省	2	0	0.0053	
Oct-07	湖北省	1	0	0.0018	
Aug-05	青海省	3	0	0.0558	
Feb-07	海南省	1	0	0.012	
Sep-08	浙江省	6	0	0.0119	
Jan-14	山东省	32	0	0.0329	
Jan-05	吉林省	1	0	0.0037	
Aug-11	黑龙江省	8	0	0.0209	
Jan-11	山东省	20	0	0.0209	
Dec-09	四川省	11	0	0.0134	
Oct-15	青海省	1	0	0.0171	
Jul-09	福建省	2	0	0.0055	
Aug-12	甘肃省	6	0	0.0234	
Jan-10	河南省	2	0	0.0021	
Apr-09	安徽省	7	0	0.0114	
Jun-10	黑龙江省	12	0	0.0314	
Nov-14	山西省	7	0	0.0193	
Apr-04	重庆市	7	0	0.0224	
Mar-08	河北省	20	0	0.0288	
Feb-06	浙江省	1	0	0.002	
Aug-08	云南省	5	0	0.0111	
Dec-14	天津市	25	0	0.1698	
Jun-06	浙江省	9	0	0.0184	
Mar-09	山西省	4	0	0.0117	
Jan-12	甘肃省	4	0	0.0156	
Dec-08	山西省	3	0	0.0088	
Dec-07	云南省	3	0	0.0067	
Sep-14	吉林省	1	0	0.0036	
Apr-08	江西省	6	0	0.0137	
Mar-06	四川省	31	0	0.0377	
May-12	河北省	11	0	0.0152	
Mar-07	福建省	6	0	0.0169	
Aug-11	山西省	11	0	0.0308	
Feb-06	贵州省	9	0	0.0241	
Feb-06	建设兵团	1	0	0.0389	
Dec-08	云南省	2	0	0.0044	
Jan-09	全国	79	0	0.0059	
Sep-13	重庆市	1	0	0.0034	
May-13	重庆市	6	0	0.0204	
May-13	北京市	3	0	0.0145	
Jun-06	宁夏	2	0	0.0336	
Jun-08	宁夏	1	0	0.0164	
May-11	湖北省	3	0	0.0052	
Apr-12	江苏省	3	0	0.0038	
Feb-10	江西省	1	0	0.0023	
May-10	浙江省	9	0	0.0174	
Dec-12	河南省	1	0	0.0011	
Jun-15	云南省	4	0	0.0085	
Jul-14	福建省	1	0	0.0026	
Jan-07	建设兵团	2	0	0.0775	
Jun-06	广西	3	0	0.0064	
Dec-08	河北省	8	0	0.0115	
Jul-08	福建省	3	0	0.0084	
May-13	广西	1	0	0.0021	
May-05	辽宁省	1	0	0.0024	
Oct-10	天津市	10	0	0.0814	
Oct-10	山西省	12	0	0.035	
Apr-04	海南省	6	0	0.0737	
Aug-15	贵州省	7	0	0.02	
Aug-10	湖南省	3	0	0.0047	
Jun-14	湖南省	4	0	0.006	
Jun-14	山西省	9	0	0.0248	
Jan-04	四川省	43	0	0.0493	
Oct-06	云南省	5	0	0.0112	
Oct-07	浙江省	1	0	0.002	
Mar-08	云南省	4	0	0.0089	
Aug-08	河北省	16	0	0.023	
Sep-13	新疆	13	0	0.0582	
Apr-14	江西省	1	0	0.0022	
Oct-04	河北省	42	0	0.0618	
Oct-05	黑龙江省	2	0	0.0052	
Dec-09	湖北省	1	0	0.0018	
Oct-15	全国	422	0	0.031	
Mar-14	安徽省	2	0	0.0033	
Jun-13	内蒙古	2	0	0.008	
Nov-11	广西	1	0	0.0022	
Jul-04	四川省	95	0	0.109	
Apr-05	辽宁省	5	0	0.0119	
May-15	浙江省	32	0	0.0581	
Aug-10	宁夏	1	0	0.016	
Jun-08	河北省	28	0	0.0403	
May-08	山东省	14	0	0.0149	
Apr-05	北京市	2	0	0.013	
Sep-13	北京市	2	0	0.0097	
Jul-06	江西省	17	0	0.0394	
Oct-05	云南省	23	0	0.0521	
Aug-07	宁夏	2	0	0.0331	
Jul-05	湖北省	17	0	0.0299	
Jun-06	广东省	5	0	0.0054	
Dec-15	安徽省	1	0	0.0016	
Aug-06	天津市	5	0	0.0479	
Jul-05	福建省	12	0	0.0341	
Aug-10	新疆	11	0	0.051	
Aug-04	辽宁省	2	0	0.0048	
Oct-14	贵州省	1	0	0.0029	
May-07	山东省	15	0	0.0161	
Mar-05	贵州省	12	0	0.0324	
Jan-06	江西省	3	0	0.007	
Feb-14	河南省	2	0	0.0021	
Mar-09	新疆	16	0	0.0751	
Sep-12	河北省	7	0	0.0097	
Feb-10	四川省	10	0	0.0122	
Feb-11	陕西省	11	0	0.0295	
Jun-14	天津市	29	0	0.197	
Jul-14	广东省	32	0	0.0301	
Jul-09	全国	303	1	0.0228	0.0001
Mar-11	甘肃省	7	0	0.0274	
Sep-12	浙江省	2	0	0.0037	
Jul-09	甘肃省	10	0	0.038	
Dec-15	新疆	118	0	0.5134	
Sep-14	湖南省	3	0	0.0045	
Oct-05	安徽省	6	0	0.0099	
Dec-04	河北省	8	0	0.0118	
Jul-15	四川省	39	0	0.0479	
Dec-11	四川省	9	0	0.0112	
Oct-11	云南省	3	0	0.0065	
Aug-15	湖北省	13	0	0.0224	
Jun-13	安徽省	2	0	0.0033	
Aug-09	北京市	1	0	0.0059	
Jun-11	江苏省	8	0	0.0102	
Mar-12	新疆	130	0	0.5886	
Jan-10	贵州省	3	0	0.0079	
Aug-15	天津市	48	0	0.3165	
Jan-08	黑龙江省	1	0	0.0026	
Jun-14	河南省	29	0	0.0308	
Dec-09	广东省	1	0	0.001	
Jul-05	陕西省	46	0	0.1242	
Jan-04	黑龙江省	1	0	0.0027	
Mar-06	建设兵团	1	0	0.0389	
Jun-12	黑龙江省	2	0	0.0052	
Jun-08	重庆市	9	0	0.032	
Jul-06	广西	3	0	0.0064	
Jun-12	山西省	1	0	0.0028	
Jun-10	河北省	59	0	0.0839	
Jan-10	广东省	4	0	0.0042	
May-12	建设兵团	1	0	0.0383	
May-09	安徽省	9	0	0.0147	
Nov-15	湖南省	2	0	0.003	
Jan-07	贵州省	7	0	0.0186	
Nov-12	河南省	1	0	0.0011	
Jan-15	山东省	94	0	0.096	
Jan-07	重庆市	3	0	0.0107	
Dec-13	新疆	15	0	0.0672	
Jun-09	辽宁省	1	0	0.0023	
Mar-12	福建省	1	0	0.0027	
Mar-05	广东省	12	0	0.0131	
Jan-15	浙江省	11	0	0.02	
Nov-15	四川省	11	0	0.0135	
Sep-07	河南省	9	0	0.0096	
Mar-13	福建省	1	0	0.0027	
Apr-11	全国	226	1	0.0169	0.0001
Jun-13	陕西省	7	0	0.0187	
Mar-11	浙江省	16	0	0.0294	
Apr-13	新疆	21	0	0.0941	
Jan-12	浙江省	8	0	0.0146	
May-11	安徽省	22	0	0.037	
Aug-07	新疆	77	0	0.3756	
Jan-07	甘肃省	13	0	0.0499	
Feb-07	四川省	22	0	0.0269	
Oct-08	山东省	2	0	0.0021	
Sep-14	贵州省	3	0	0.0086	
Apr-11	山东省	45	1	0.047	0.001
May-15	贵州省	1	0	0.0029	
Sep-04	新疆	16	0	0.086	
Jul-12	陕西省	11	0	0.0294	
Dec-07	河南省	2	0	0.0021	
Jul-05	湖南省	43	0	0.0683	
Mar-04	河南省	25	0	0.0258	
Jun-04	河北省	90	0	0.1324	
May-15	江苏省	7	0	0.0088	
May-13	湖北省	3	0	0.0052	
Aug-06	贵州省	14	0	0.0375	
May-11	天津市	14	0	0.1082	
Feb-09	河北省	8	0	0.0114	
Feb-06	上海市	1	0	0.0056	
Apr-10	全国	146	0	0.0109	
Mar-14	甘肃省	4	0	0.0155	
Dec-09	安徽省	2	0	0.0033	
Sep-08	福建省	1	0	0.0028	
Jun-14	福建省	1	0	0.0026	
Mar-12	陕西省	5	0	0.0134	
May-05	全国	530	0	0.0408	
Jul-11	甘肃省	8	0	0.0313	
Nov-04	湖南省	4	0	0.006	
Jan-14	四川省	12	0	0.0148	
Dec-07	河北省	8	0	0.0116	
Mar-04	北京市	3	0	0.0203	
Mar-07	重庆市	7	0	0.0249	
Jun-05	四川省	40	0	0.0489	
Jun-14	辽宁省	1	0	0.0023	
Dec-12	湖北省	1	0	0.0017	
Aug-15	山东省	243	0	0.2482	
Oct-09	贵州省	2	0	0.0053	
Jan-11	新疆	14	0	0.0642	
Jun-04	云南省	14	0	0.0322	
Oct-12	江苏省	2	0	0.0025	
Jan-05	建设兵团	1	0	0.0393	
Oct-12	河北省	3	0	0.0041	
Nov-11	浙江省	3	0	0.0055	
Mar-15	全国	514	0	0.0377	
Feb-08	四川省	17	0	0.0209	
Mar-05	陕西省	31	0	0.0837	
Jan-09	天津市	2	0	0.017	
Dec-06	湖南省	4	0	0.0063	
Jul-06	四川省	64	0	0.0779	
Jun-07	青海省	1	0	0.0182	
Jul-15	辽宁省	1	0	0.0023	
Nov-15	山西省	5	0	0.0137	
Apr-07	浙江省	6	0	0.012	
May-15	全国	675	0	0.0495	
Aug-07	江西省	5	0	0.0115	
Nov-13	山东省	18	0	0.0186	
May-05	广西	2	0	0.0043	
May-04	北京市	3	0	0.0203	
Sep-09	四川省	9	0	0.011	
Aug-08	广东省	5	0	0.0053	
Sep-12	云南省	1	0	0.0022	
Jul-05	宁夏	9	0	0.1527	
Aug-05	宁夏	6	0	0.1018	
Nov-15	全国	353	1	0.0259	0.0001
Oct-12	浙江省	6	0	0.011	
Jan-10	河北省	13	0	0.0185	
Sep-07	全国	152	0	0.0116	
Jun-13	山东省	26	0	0.0268	
Aug-11	湖南省	7	0	0.0107	
Apr-06	宁夏	1	0	0.0168	
Jul-14	黑龙江省	12	0	0.0313	
Aug-05	贵州省	14	0	0.0378	
May-05	甘肃省	24	0	0.0931	
Dec-05	重庆市	3	0	0.0108	
Jun-04	辽宁省	2	0	0.0048	
May-05	陕西省	33	0	0.0891	
Apr-13	河北省	14	0	0.0192	
Jun-13	黑龙江省	5	0	0.013	
Jul-04	新疆	75	1	0.4031	0.0054
Aug-09	宁夏	2	0	0.033	
Feb-14	安徽省	8	0	0.0133	
Jul-10	新疆	14	0	0.0649	
Jun-15	新疆	121	0	0.5264	
Jul-07	山东省	61	0	0.0655	
Mar-09	吉林省	1	0	0.0037	
Jan-06	湖北省	2	0	0.0035	
Aug-12	重庆市	9	0	0.0308	
May-10	内蒙古	1	0	0.0041	
Jan-14	重庆市	2	0	0.0067	
Dec-14	重庆市	3	0	0.0101	
Sep-07	福建省	1	0	0.0028	
Jul-04	山西省	36	0	0.1086	
May-06	江西省	4	0	0.0093	
Nov-07	湖南省	1	0	0.0016	
Aug-13	河北省	15	0	0.0206	
Dec-12	甘肃省	3	0	0.0117	
Aug-07	湖南省	21	0	0.0331	
Jun-09	重庆市	2	0	0.007	
Sep-08	全国	88	0	0.0067	
Jul-06	云南省	11	0	0.0247	
Sep-06	陕西省	3	0	0.0081	
Dec-04	宁夏	1	0	0.0171	
Aug-14	江苏省	6	0	0.0076	
Jun-11	浙江省	19	0	0.0349	
Feb-15	山西省	9	0	0.0247	
Jun-13	河南省	5	0	0.0053	
Mar-12	建设兵团	2	0	0.0765	
Nov-15	江苏省	1	0	0.0013	
Sep-05	广东省	1	0	0.0011	
Dec-05	甘肃省	4	0	0.0155	
Jan-07	山东省	2	0	0.0021	
Apr-07	山东省	16	0	0.0172	
May-10	江西省	1	0	0.0023	
May-14	广东省	19	0	0.0179	
Dec-15	黑龙江省	2	0	0.0052	
Apr-11	湖北省	5	0	0.0087	
Jun-13	全国	178	0	0.0131	
Oct-14	新疆	19	0	0.0839	
Feb-12	河北省	11	0	0.0152	
Jul-09	河北省	125	0	0.1789	
Jan-06	广西	2	0	0.0043	
Mar-07	建设兵团	2	0	0.0775	
Aug-12	广西	1	0	0.0022	
Nov-06	河北省	17	0	0.0248	
Mar-04	广东省	5	0	0.0063	
Jun-16	贵州省	5	0	0.0143	
Apr-16	贵州省	5	0	0.0143	
Jul-16	贵州省	8	0	0.0228	
Mar-16	四川省	44	0	0.0541	
Jul-16	河南省	21	0	0.0223	
Apr-16	广东省	53	0	0.0494	
Jan-16	全国	334	0	0.0245	
Apr-16	新疆	26	0	0.1131	
Jul-16	全国	622	0	0.0457	
Dec-16	四川省	12	0	0.0147	
Oct-16	天津市	26	0	0.1714	
Mar-16	河北省	38	0	0.0515	
Aug-16	福建省	2	0	0.0053	
Mar-16	山西省	6	0	0.0164	
Jul-16	新疆	12	0	0.0522	
Mar-16	湖北省	5	0	0.0086	
Aug-16	黑龙江省	6	0	0.0157	
May-16	天津市	13	0	0.0857	
Apr-16	西藏	1	0	0.0315	
Apr-16	河南省	7	0	0.0074	
Apr-16	湖北省	3	0	0.0052	
Feb-16	湖北省	11	0	0.0189	
Oct-16	四川省	10	0	0.0123	
Feb-16	山东省	58	0	0.0592	
Mar-16	新疆	75	0	0.3263	
Aug-16	山东省	152	0	0.1553	
Oct-16	全国	356	0	0.0261	
Mar-16	河南省	4	0	0.0042	
Nov-16	天津市	21	0	0.1384	
Sep-16	甘肃省	11	0	0.0425	
Jun-16	四川省	41	0	0.0504	
Feb-16	贵州省	8	0	0.0228	
Apr-16	重庆市	48	0	0.1605	
Aug-16	全国	669	0	0.0491	
Jul-16	天津市	42	0	0.2769	
May-16	黑龙江省	1	0	0.0026	
Oct-16	陕西省	28	0	0.0742	
May-16	甘肃省	9	0	0.0347	
Feb-16	山西省	5	0	0.0137	
Sep-16	重庆市	36	0	0.1203	
Aug-16	上海市	1	0	0.0041	
Mar-16	浙江省	24	0	0.0436	
Feb-16	甘肃省	5	0	0.0193	
May-16	四川省	46	0	0.0565	
Oct-16	贵州省	3	0	0.0086	
Aug-16	江西省	6	0	0.0132	
Sep-16	北京市	6	0	0.0279	
Dec-16	内蒙古	2	0	0.008	
May-16	江西省	3	0	0.0066	
May-16	新疆	20	0	0.087	
Nov-16	四川省	14	0	0.0172	
Jan-16	贵州省	1	0	0.0029	
Aug-16	内蒙古	1	0	0.004	
Nov-16	全国	418	1	0.0307	0.0001
Oct-16	重庆市	19	0	0.0635	
Jun-16	陕西省	83	0	0.2199	
Nov-16	安徽省	1	0	0.0016	
Feb-16	四川省	33	0	0.0405	
Jul-16	陕西省	74	0	0.196	
Nov-16	湖北省	5	0	0.0086	
Mar-16	广东省	63	0	0.0587	
Sep-16	陕西省	32	0	0.0848	
Jul-16	重庆市	97	0	0.3243	
Apr-16	江苏省	7	0	0.0088	
Feb-16	新疆	96	0	0.4177	
Oct-16	安徽省	2	0	0.0033	
Apr-16	全国	428	1	0.0314	0.0001
Nov-16	浙江省	3	0	0.0054	
Jun-16	广东省	48	0	0.0448	
Aug-16	新疆	9	0	0.0392	
Jun-16	河南省	8	0	0.0085	
Nov-16	内蒙古	2	0	0.008	
Apr-16	黑龙江省	2	0	0.0052	
Nov-16	江西省	7	0	0.0154	
Dec-16	贵州省	2	0	0.0057	
Jul-16	内蒙古	1	0	0.004	
Apr-16	四川省	30	0	0.0369	
Jul-16	四川省	48	0	0.059	
Sep-16	内蒙古	1	0	0.004	
Dec-16	浙江省	5	0	0.0091	
Jul-16	湖南省	5	0	0.0074	
Jan-16	陕西省	44	0	0.1166	
Nov-16	山东省	190	0	0.1941	
Sep-16	江西省	4	0	0.0088	
Jun-16	河北省	26	0	0.0352	
Oct-16	广西	1	0	0.0021	
Apr-16	陕西省	41	0	0.1086	
May-16	湖南省	6	0	0.0089	
May-16	山西省	11	0	0.0302	
Jan-16	湖北省	3	0	0.0052	
Jan-16	天津市	14	0	0.0923	
Nov-16	重庆市	15	0	0.0501	
Oct-16	广东省	36	0	0.0336	
Jan-16	河南省	3	0	0.0032	
Apr-16	江西省	3	0	0.0066	
May-16	全国	454	0	0.0333	
Jul-16	北京市	13	0	0.0604	
Mar-16	江西省	5	0	0.011	
Mar-16	内蒙古	1	0	0.004	
Dec-16	山西省	11	0	0.0302	
Jan-16	四川省	18	0	0.0221	
Aug-16	北京市	10	0	0.0465	
Apr-16	山西省	3	0	0.0082	
Aug-16	湖北省	7	0	0.012	
Nov-16	河南省	14	0	0.0148	
Sep-16	浙江省	5	0	0.0091	
Jan-16	黑龙江省	2	0	0.0052	
May-16	山东省	113	0	0.1154	
Dec-16	安徽省	3	0	0.0049	
Aug-16	广东省	78	0	0.0727	
Nov-16	宁夏	1	0	0.0151	
Dec-16	广东省	43	0	0.0401	
Jan-16	浙江省	4	0	0.0073	
Feb-16	江西省	1	0	0.0022	
Jan-16	重庆市	33	0	0.1103	
Feb-16	北京市	7	0	0.0325	
Aug-16	陕西省	86	0	0.2278	
Oct-16	北京市	13	0	0.0604	
Jan-16	湖南省	6	0	0.0089	
Dec-16	黑龙江省	4	0	0.0104	
Aug-16	重庆市	70	0	0.234	
Aug-16	安徽省	2	0	0.0033	
Aug-16	甘肃省	18	0	0.0695	
Oct-16	河南省	3	0	0.0032	
Oct-16	浙江省	4	0	0.0073	
Feb-16	全国	470	0	0.0345	
Mar-16	重庆市	56	0	0.1872	
Jun-16	上海市	1	0	0.0041	
Sep-16	云南省	4	0	0.0085	
Jul-16	上海市	2	0	0.0082	
Mar-16	贵州省	8	0	0.0228	
Jul-16	山东省	143	0	0.1461	
Feb-16	陕西省	55	0	0.1457	
May-16	陕西省	50	0	0.1324	
May-16	广东省	44	0	0.041	
Mar-16	陕西省	54	0	0.143	
Dec-16	福建省	1	0	0.0026	
Oct-16	湖南省	2	0	0.003	
Jul-16	山西省	12	0	0.0329	
Oct-16	湖北省	1	0	0.0017	
Aug-16	云南省	5	0	0.0106	
Dec-16	湖南省	6	0	0.0089	
Dec-16	重庆市	18	0	0.0602	
Apr-16	天津市	28	0	0.1846	
Aug-16	四川省	41	0	0.0504	
Jun-16	云南省	4	0	0.0085	
Oct-16	黑龙江省	1	0	0.0026	
Sep-16	河南省	6	0	0.0064	
Nov-16	新疆	12	0	0.0522	
Feb-16	广东省	30	0	0.028	
Feb-16	天津市	19	0	0.1253	
Nov-16	陕西省	27	0	0.0715	
Apr-16	甘肃省	8	0	0.0309	
Oct-16	甘肃省	10	0	0.0386	
May-16	吉林省	1	0	0.0036	
Sep-16	黑龙江省	4	0	0.0104	
Oct-16	云南省	4	0	0.0085	
Nov-16	甘肃省	8	0	0.0309	
Jun-16	宁夏	1	0	0.0151	
Sep-16	山西省	10	0	0.0274	
Feb-16	重庆市	77	0	0.2574	
Mar-16	北京市	8	0	0.0372	
Nov-16	贵州省	1	0	0.0029	
Dec-16	天津市	39	0	0.2571	
Mar-16	天津市	14	0	0.0923	
Nov-16	北京市	2	1	0.0093	0.0046
Mar-16	甘肃省	9	0	0.0347	
Sep-16	广西	1	0	0.0021	
May-16	贵州省	7	0	0.02	
Apr-16	北京市	7	1	0.0325	0.0046
Dec-16	河南省	9	0	0.0095	
Sep-16	广东省	65	0	0.0606	
Aug-16	江苏省	3	0	0.0038	
Nov-16	湖南省	4	0	0.0059	
Feb-16	湖南省	8	0	0.0119	
May-16	湖北省	1	0	0.0017	
May-16	内蒙古	1	0	0.004	
Jul-16	黑龙江省	3	0	0.0078	
Aug-16	河南省	25	0	0.0265	
Dec-16	湖北省	11	0	0.0189	
Mar-16	云南省	6	0	0.0127	
Sep-16	新疆	9	0	0.0392	
Mar-16	建设兵团	3	0	0.1098	
Oct-16	河北省	34	0	0.046	
Oct-16	江西省	3	0	0.0066	
Jul-16	云南省	2	0	0.0042	
Jan-16	云南省	1	0	0.0021	
Aug-16	湖南省	10	0	0.0148	
May-16	云南省	6	0	0.0127	
Mar-16	全国	519	0	0.0381	
Nov-16	广东省	44	0	0.041	
Jan-16	建设兵团	1	0	0.0366	
Oct-16	山东省	130	0	0.1328	
Jun-16	安徽省	1	0	0.0016	
Aug-16	贵州省	10	0	0.0285	
Jan-16	河北省	10	0	0.0135	
Jun-16	江苏省	1	0	0.0013	
May-16	浙江省	13	0	0.0236	
Jul-16	安徽省	1	0	0.0016	
Jun-16	新疆	16	0	0.0696	
May-16	河南省	6	0	0.0064	
Feb-16	河南省	9	0	0.0095	
Oct-16	山西省	11	0	0.0302	
May-16	河北省	21	0	0.0284	
Sep-16	山东省	138	0	0.141	
Aug-16	山西省	13	0	0.0356	
Dec-16	辽宁省	1	0	0.0023	
Nov-16	河北省	27	0	0.0366	
Sep-16	湖南省	8	0	0.0119	
Jun-16	黑龙江省	2	0	0.0052	
Sep-16	天津市	37	0	0.2439	
Jul-16	浙江省	18	0	0.0327	
May-16	北京市	9	0	0.0418	
Dec-16	吉林省	1	0	0.0036	
May-16	重庆市	71	0	0.2373	
Sep-16	河北省	29	0	0.0393	
Jan-16	广东省	27	0	0.0252	
Dec-16	甘肃省	12	0	0.0463	
Nov-16	山西省	19	0	0.0521	
Jun-16	天津市	19	0	0.1253	
Apr-16	山东省	87	0	0.0889	
Jan-16	安徽省	3	0	0.0049	
Mar-16	湖南省	15	0	0.0223	
Aug-16	广西	2	0	0.0042	
Jun-16	湖北省	5	0	0.0086	
Jun-16	浙江省	15	0	0.0272	
Jun-16	江西省	9	0	0.0198	
Oct-16	新疆	14	0	0.0609	
Feb-16	云南省	3	0	0.0064	
Jan-16	山西省	2	0	0.0055	
Jul-16	江西省	9	0	0.0198	
Jun-16	全国	499	1	0.0366	0.0001
Oct-16	上海市	1	0	0.0041	
Dec-16	全国	388	0	0.0285	
Mar-16	青海省	3	0	0.0514	
Feb-16	河北省	23	0	0.0311	
Aug-16	浙江省	14	0	0.0254	
Jun-16	北京市	6	1	0.0279	0.0046
Dec-16	北京市	6	0	0.0279	
Nov-16	云南省	1	0	0.0021	
May-16	安徽省	2	0	0.0033	
Sep-16	贵州省	4	0	0.0114	
Jun-16	山东省	119	0	0.1216	
Sep-16	四川省	17	0	0.0209	
Apr-16	云南省	4	0	0.0085	
Dec-16	山东省	134	0	0.1369	
Mar-16	安徽省	7	0	0.0115	
Feb-16	宁夏	1	0	0.0151	
Dec-16	河北省	33	0	0.0447	
Mar-16	山东省	74	0	0.0756	
Jun-16	湖南省	4	0	0.0059	
Aug-16	河北省	57	0	0.0772	
Jul-16	广东省	53	0	0.0494	
Jan-16	甘肃省	4	0	0.0154	
Jan-16	江西省	3	0	0.0066	
Jan-16	山东省	62	0	0.0633	
Feb-16	黑龙江省	3	0	0.0078	
Sep-16	全国	427	0	0.0313	
Apr-16	安徽省	1	0	0.0016	
Jan-16	北京市	4	0	0.0186	
Jul-16	甘肃省	20	0	0.0772	
Jun-16	甘肃省	6	0	0.0232	
Jun-16	重庆市	73	0	0.244	
Jun-16	山西省	6	0	0.0164	
Apr-16	浙江省	27	0	0.049	
Feb-16	安徽省	2	0	0.0033	
Jul-16	湖北省	1	0	0.0017	
Jul-16	河北省	37	0	0.0501	
Feb-16	江苏省	3	0	0.0038	
Jan-16	新疆	90	0	0.3916	
Feb-16	浙江省	13	0	0.0236	
Dec-16	云南省	2	0	0.0042	
Dec-16	新疆	13	0	0.0566	
Apr-16	河北省	30	0	0.0406	
Apr-16	湖南省	7	0	0.0104	
Aug-16	天津市	41	0	0.2703	
Dec-16	陕西省	20	0	0.053	